00000000014,,,OPA2674ID (микросхема),шт,Микросхемы,4,1,,,,1,,,,1,,1,,1,,,,,1,,,0,,0 ,0 
00000000015,,B260A,10MQ040N (диод),шт,Диоды,205,1,,,1,2,1,2,,2,7,,127,3,1,,47,2,1,,,15,"7,4","7,00 ",1 
00000000016,,,DRV135UA (микросхема),шт,Микросхемы,0,,,,,,,,,,,,,,,,,,,,,0,,0,0 
00000000018,,,AD9854ASTZ  (микросхема),шт,Микросхемы,0,,,,,,,,,,,,,,,,,,,,,0,,0,0 
00000000023,,,FST3253MTC (микросхема),шт,Микросхемы,16,,,,,,,,,,,,,,,2,,,,,,14,,14,0 
00000000024,,,CY7C68013A-56PVXC (микросхема),шт,Микросхемы,5,,,,,,,,,,,,,,,,,,,,,5,,5,0 
00000000025,,,MMCX-C174J (коммутация),шт,Разъемы,0,,,,,,,,,,,,,,,,,,,,,0,,0,0 
00000000026,,,EPM240T100C5 N (микросхема),шт,Микросхемы,0,,,,,,,,,,,,,,,,,,,,,0,,0,0 
00000000028,,0-1462037-9 IM02GR,IM02GR 0-1462037-9 (реле ЭМ),шт,Реле,876,31,,,,21,2,2,12,77,27,1,,263,77,2,326,2,31,,,70,"72,46","62,00 ",1 
00000000029,,,"LPC1343FBD48, 151(микросхема)",шт,Микросхемы,247,,1,,,,,,,17,94,4,,2,,,5,,,,,125,,125,0 
00000000030,,,"LPC1758FBD80, 551(микросхема)",шт,Микросхемы,0,,,,,,,,,,,,,,,,,,,,,0,,0,0 
00000000031,,,NCP1117DT33T5G (микросхема)(линейка),шт,Микросхемы,409,3,1,,,4,1,,,20,109,6,,12,,,10,1,3,,,248,,248,0 
00000000032,,,Osc_call_l-3*11/zip (печатная плата) 160768,шт,"Платы (печатные, демо, отладочные)",0,,,,,,,,,,,,,,,,,,,,,0,,0,0 
00000000033,,,AD9951YSVZ   (микросхема),шт,Микросхемы,2,,,,,,,,,,,,,,,,,,,,,2,,2,0 
00000000034,,,AM1L-1212D-NZ  (источник питания),шт,Источники питания,8,,,,,,,,,,,,,,,,,,,,,8,,8,0 
00000000034,,,AM1L-1212D-NZ  (источник питания),шт,Источники питания,8,,,,,,,,,,,,,,,,,,,,,8,,8,0 
00000000036,,,8 MHz 2560ТК-CIT (Генератор кварцевый),шт,"Генераторы, резонаторы (кварцевые)",26,,,,,,,,,,,,,,,,,,,,,26,,26,0 
00000000037,,,AD8599ARZ (микросхема),шт,Микросхемы,8,,,,,,,,,,,,,,,,,,,,,8,,8,0 
00000000038,,,AТ24С32N-10SC-1/8   (микрсхема),шт,Микросхемы,0,,,,,,,,,,,,,,,,,,,,,0,,0,0 
00000000039,,,LM1117DT-1.8/NOPB  (микросхема),шт,Микросхемы,0,,,,,,,,,,,,,,,,,,,,,0,,0,0 
00000000040,,,0603  16 кОм (чип резистор),шт,Резисторы,445,15,8,,,2,3,,,,,,,,2,,,,15,,,428,,428,0 
00000000042,,1812-LQH43M 100 uH J MUR,LQH43MN101K03L 100uH (катушка индуктивности),шт,Катушки индуктивности,1253,7,,,8,10,3,,2,6,12,,1088,8,,,20,,7,,,112,,"112,00 ",1 
00000000045,,ULN2003ADR SO16 TI,ULN2003ADR  (микросхема),шт,Микросхемы,51,5,,,,2,3,1,,7,3,2,5,,,,21,,5,,,8,"16,8","4,00 ",1 
00000000047,,,EPM570T100C5 N (микросхема),шт,Микросхемы,1,,,,,,,,,,,,,,,,,,,,,1,,1,0 
00000000050,,,LM1117DT-5.0/NOPB  (микросхема),шт,Микросхемы,0,,,,,,,,,,,,,,,,,,,,,0,,0,0 
00000000051,,LM2596SX-ADJ/NOPB TO263-5,LM2596SX-ADJ/NOPB  (регулятор импульсного источника питания),шт,Микросхемы,4,1,,,,1,,,,1,1,,1,,,,,,1,,,0,,0,0 
00000000052,,,LQM21 470 nH  (катушка индуктивности),шт,Катушки индуктивности,0,,,,,,,,,,,,,,,,,,,,,0,,0,0 
00000000058,,0058,Калибровочный генератор ЕЕ-СG-01,шт,Прочее,1,,,,,,,,,,,,,,,,,,,,,1,,1,0 
00000000059,,,TFS-201 (педаль),шт,Тумблеры,0,,,,,,,,,,,,,,,,,,,,,0,,0,0 
00000000063,,0063,ВЧ кабель BNC-BNC,шт,"Провода,кабеля",5,,,,,,,,,,,,,,,,,,,,,5,,5,0 
00000000067,,,PH320240T-006-I03Q  (индикатор),шт,Прочее,0,,,,,,,,,,,,,,,,,,,,,0,,0,0 
00000000068,,,2512 470 Ом (чип резистор),шт,Резисторы,0,,,,,,,,,,,,,,,,,,,,,0,,0,0 
00000000069,,,2512   1 кОм (чип резистор),шт,Резисторы,0,,,,,,,,,,,,,,,,,,,,,0,,0,0 
00000000071,,,DI-15F (разъем) ,шт,Разъемы,0,,,,,,,,,,,,,,,,,,,,,0,,0,0 
00000000072,,,Винт 3*8 PF-308 ( пластм).,шт,Крепеж,0,,,,,,,,,,,,,,,,,,,,,0,,0,0 
00000000073,,,Гайка PN-3 (пластм).,шт,Крепеж,0,,,,,,,,,,,,,,,,,,,,,0,,0,0 
00000000074,,,Винт SCR-11/CA-0231 (6-гранный),шт,Крепеж,0,,,,,,,,,,,,,,,,,,,,,0,,0,0 
00000000075,,,SWR-41 (выключатель),шт,Тумблеры,0,,,,,,,,,,,,,,,,,,,,,0,,0,0 
00000000076,,,MMCX-С174Р (штекер),шт,Разъемы,0,,,,,,,,,,,,,,,,,,,,,0,,0,0 
00000000077,,,MMCX - J (гнездо),шт,Разъемы,0,,,,,,,,,,,,,,,,,,,,,0,,0,0 
00000000078,,,PST-51 AR2 (тумблер),шт,Тумблеры,0,,,,,,,,,,,,,,,,,,,,,0,,0,0 
00000000088,,,BOX-KA08 (корпус),шт,Корпуса,6,,,,,,,,,,,,,1,,,,,,,,5,,5,0 
00000000089,,EM14R0D-R20-L032N@BOURNS,EM 14 ROD-R20-L064S энкодер,шт,"N-кодеры, кнопки",2,,,,,,,,,,,,1,,,,,1,,,,0,,0,0 
00000000090,,,RG-58 (кабель),м,"Провода,кабеля",20,,,,,,,,,,,,,0,,,,,,,,20,,20,0 
00000000091,,MT-Link V8 JTAG,Отладочное средство MT-Link V8 JTAG эмулятор для ARM ,шт,"Платы (печатные, демо, отладочные)",0,,,,,,,,,,,,,,,,,,,,,0,,0,0 
00000000092,,,1008СS-102XGL 1 uH (катушка индуктивности) ,шт,Катушки индуктивности,2250,1,,,,,,,1,,,,,,,,21,,1,,,2228,,"2228,00 ",1 
00000000093,"99,3060",CS1008-4R7G-S,"1008СS-472XGLB 4,7 uH (катушка индуктивности) ",шт,Катушки индуктивности,179,,,,,7,,,,,,,,,,,98,,,,,81,,81,0 
00000000094,,,1008СS-181XGL (катушка индуктивности) ,шт,Катушки индуктивности,0,,,,,,,,,,,,,,,,,,,,,0,,0,0 
00000000095,,,"1008СS-272XGL 2,7 uH (катушка индуктивности) ",шт,Катушки индуктивности,231,4,,,,,,,4,18,,,111,14,,,40,,4,,,44,,"44,00 ",1 
00000000096,,,1008СS-332XGL (катушка индуктивности) ,шт,Катушки индуктивности,0,,,,,,,,,,,,,,,,,,,,,0,,0,0 
00000000097,,,1008СS-391XJB (катушка индуктивности) ,шт,Катушки индуктивности,25,,,,,,,1,,,,,,,,,,,,,,25,"16,04","21,00 ",1 
00000000098,,,1008СS-471XGL (катушка индуктивности) ,шт,Катушки индуктивности,0,,,,,,,,,,,,,,,,,,,,,0,,0,0 
00000000099,"93,   3060",,1008СS-472XJL (катушка индуктивности) ,шт,Катушки индуктивности,0,,,,,,,,,,,,,,,,,,,,,0,,0,0 
00000000100,,,1008СS-681XGL (катушка индуктивности) ,шт,Катушки индуктивности,217,,,,,,,,,,,,,,,,,,,,,217,,217,0 
00000000101,,,ADT1.5-1+ (Трансформатор),шт,Трансформаторы,50,,,,,,,,,,,,,,,,,,,,,50,,50,0 
00000000106,,,DJK 09 (разьем питания),шт,Разъемы,0,,,,,,,,,,,,,,,,,,,,,0,,0,0 
00000000108,,,Изолирующие втулки,шт,Расходные материалы,0,,,,,,,,,,,,,,,,,,,,,0,,0,0 
00000000109,,,Изолирующие шайбы д3,шт,Расходные материалы,0,,,,,,,,,,,,,,,,,,,,,0,,0,0 
00000000110,,,Стойка М3*10,шт,Расходные материалы,0,,,,,,,,,,,,,,,,,,,,,0,,0,0 
00000000112,,,Решетка  40*40 дла вентилятора,шт,Вентиляторы,0,,,,,,,,,,,,,,,,,,,,,0,,0,0 
00000000115,,,"Термоусадка 12,7 мм",м,Расходные материалы,0,,,,,,,,,,,,,,,,,,,,,0,,0,0 
00000000118,,,0805 560 pF (чип конденсатор),шт,Конденсаторы,0,,,,,,,,,,,,,,,,,,,,,0,,0,0 
00000000119,,,"0805   1,3 кОм (чипрезистор)",шт,Резисторы,0,,,,,,,,,,,,,,,,,,,,,0,,0,0 
00000000120,,,0805  62 Ом (чип резистор),шт,Резисторы,0,,,,,,,,,,,,,,,,,,,,,0,,0,0 
00000000121,,,"0805   2,4 кОм (чипрезистор)",шт,Резисторы,0,,,,,,,,,,,,,,,,,,,,,0,,0,0 
00000000122,,,0805  75 Ом (чип резистор),шт,Резисторы,0,,,,,,,,,,,,,,,,,,,,,0,,0,0 
00000000123,,,"Батарея ""крона""",шт,Батарейки,0,,,,,,,,,,,,,,,,,,,,,0,,0,0 
00000000125,,08051A510JAT2A,0805   51 pF (чип конденсатор),шт,Конденсаторы,0,,,,,,,,,,,,,,,,,,,,,0,,0,0 
00000000127,,,0805   2.2  кОм (чип резистор),шт,Резисторы,0,,,,,,,,,,,,,,,,,,,,,0,,0,0 
00000000128,,,0805  15 кОм (чипрезистор),шт,Резисторы,0,,,,,,,,,,,,,,,,,,,,,0,,0,0 
00000000130,,,BNC C58P (штекер  под обжим),шт,Разъемы,1,,,,,,,,,,,,,,,,,,,,,1,,1,0 
00000000131,,,PLS-40 (1*40) (разъем),шт,Разъемы,5,,,,,,,,,,,,2,,,,,,,,,3,,3,0 
00000000132,,,Светодиод красный 3mm,шт,Диоды,86,,,,,,,,,,,,,,,,,,,,,86,,86,0 
00000000135,"990,",,0805    1 uF (чип конденсатор),шт,Конденсаторы,580,4,,,,5,,18,1,,,,,68,,,458,,4,,,50,"2,16","-22,00 ",1 
00000000136,,,0805 330 Ом (чипрезистор),шт,Резисторы,0,,,,,,,,,,,,,,,,,,,,,0,,0,0 
00000000138,,ST-008S-04,"ST-008S-04 стерео гн.на плату 6,35 мм (разъем)",шт,Разъемы,281,4,2,,,4,,,,18,26,45,92,2,8,,5,,7,,,78,,78,0 
00000000145,,,CDRH104NP-680MC (катушка индуктивности),шт,Катушки индуктивности,24,,,,,,,,,,,,,,,,,,,,,24,,24,0 
00000000146,,,110 MHz KXO-V97 (Генератор кварцевый),шт,"Генераторы, резонаторы (кварцевые)",33,,,,,,,,,,,,,,,,,,,,,33,,33,0 
00000000148,,,2512 365 Ом 1% (чип резистор) ,шт,Резисторы,32,,,,,,,,,,,,,,,,,,,,,32,,32,0 
00000000149,,,PVG3A502 5 кОм (подстроечный чип резистор),шт,Резисторы,0,,,,,,,,,,,,,,,,,,,,,0,,0,0 
00000000151,,,1553ВUBKBAT (корпус),шт,Корпуса,0,,,,,,,,,,,,,,,,,,,,,0,,0,0 
00000000152,407,,OKWA9052229 (элемент корпуса),шт,Корпуса,0,,,,,,,,,,,,,,,,,,,,,0,,0,0 
00000000153,,,OKWA9152219 (элемент корпуса),шт,Корпуса,0,,,,,,,,,,,,,,,,,,,,,0,,0,0 
00000000154,,,OKWA9174006 (контакт пружинный),шт,Корпуса,2,,,,,,,,,,,,,,,,,,,,,2,,2,0 
00000000155,,BN-61-202,BN-61-202 фэрит (трансфлюктор) 2861000202 / 155,шт,Трансформаторы,49,1,,,,1,,,,2,,1,1,,,,13,,1,,,31,,31,0 
00000000156,,ETC4-1-2TR,TC4-1T+Mini Circuits (трансформатор),шт,Трансформаторы,20,1,,,,1,,,,,,,,1,,,1,,1,,,17,,17,0 
00000000161,,,LL4148 (диод) ,шт,Диоды,314,15,,,,,,,,2,,,,,,,,,15,,,297,,297,0 
00000000163,,,2N7002 (транзистор),шт,Тразисторы,571,3,2,,,,,,,,200,,14,200,6,,,,3,,,148,,148,0 
00000000164,,,0603  49.9 Ом 1% (чипрезистор),шт,Резисторы,639,15,,,1,8,2,,,,,,127,,20,,,,75,,,417,,417,0 
00000000165,3697,,BZV55C3V3 (стабилитрон),шт,Диоды,336,10,3,,,,,,,,300,,,36,,,,,,,,0,,0,0 
00000000179,,,"Зажим винтовой ЗВИ - 3 0,75 - 4 мм 12 пар ИЭК",шт,Расходные материалы,0,,,,,,,,,,,,,,,,,,,,,0,,0,0 
00000000181,,,ADA49411YCPZ-R2 (микросхема),шт,Микросхемы,3,,,,,,,,,,,,,,,,,,,,,3,,3,0 
00000000183,,,ADL5385ACPZ-R7 (микросхема),шт,Микросхемы,2,,,,,,,,,,,,,,,,,,,,,2,,2,0 
00000000184,,,ES18E15 - P1J (источник питания),шт,Источники питания,0,,,,,,,,,,,,,,,,,,,,,0,,0,0 
00000000185,,,1455Т1601 (корпус для РЭА),шт,Корпуса,0,,,,,,,,,,,,,,,,,,,,,0,,0,0 
00000000188,,,PCB333 (печатная плата),шт,"Платы (печатные, демо, отладочные)",0,,,,,,,,,,,,,,,,,,,,,0,,0,0 
00000000189,,,Тант. чип конденсатор  100mkF 10V 10% типС,шт,Конденсаторы,0,,,,,,,,,,,,,,,,,,,,,0,,0,0 
00000000190,,,LQM21 390 nH (катушка индуктивности),шт,Катушки индуктивности,0,,,,,,,,,,,,,,,,,,,,,0,,0,0 
00000000192,,,Оптические приводы,шт,Компьютерные комплектующие,0,,,,,,,,,,,,,,,,,,,,,0,,0,0 
00000000203,,,PCB111 (печатная плата),шт,"Платы (печатные, демо, отладочные)",0,,,,,,,,,,,,,,,,,,,,,0,,0,0 
00000000204,,,Линолиум,шт,Прочее,0,,,,,,,,,,,,,,,,,,,,,0,,0,0 
00000000208,,,Термоусадка D 1.2,шт,Расходные материалы,0,,,,,,,,,,,,,,,,,,,,,0,,0,0 
00000000209,,,Термоусадка D 2,шт,Расходные материалы,0,,,,,,,,,,,,,,,,,,,,,0,,0,0 
00000000210,,,D 5 (термоусадка),шт,Расходные материалы,0,,,,,,,,,,,,,,,,,,,,,0,,0,0 
00000000211,,,Термоусадка D 3 ,шт,Расходные материалы,0,,,,,,,,,,,,,,,,,,,,,0,,0,0 
00000000212,,,Термоусадка D 1.5,шт,Расходные материалы,0,,,,,,,,,,,,,,,,,,,,,0,,0,0 
00000000220,,,NJM4558D (микросхема),шт,Микросхемы,40,,,,,,,,,,,,,,,,,,,,,40,,40,0 
00000000222,,,Канифоль,шт,Расходные материалы,0,,,,,,,,,,,,,,,,,,,,,0,,0,0 
00000000223,,,Жир паяльный,шт,Расходные материалы,0,,,,,,,,,,,,,,,,,,,,,0,,0,0 
00000000225,,,PBS 1*40 (разъем),шт,Разъемы,3,,,,,,,,,,,,1,,,,,,,,,2,,2,0 
00000000227,,,НФ 115,шт,Прочее,0,,,,,,,,,,,,,,,,,,,,,0,,0,0 
00000000230,,,RC - 60 (шлейф),шт,Прочее,0,,,,,,,,,,,,,,,,,,,,,0,,0,0 
00000000241,,,Переходник Jack 3.5 ->6.3 (стерео-стерео),шт,Разъемы,19,2,,,,,,,,3,,,2,,2,,2,,2,,,8,30,8,0 
00000000244,,,PST-51 AR2 (тумблер),шт,Тумблеры,0,,,,,,,,,,,,,,,,,,,,,0,,0,0 
00000000251,,KDC6,Переключатель KDC6,шт,Тумблеры,41,,,,,,,,,,,,,,,,,,,,,41,,41,0 
00000000252,,,Гнездо-колодка КРОНА ZH279,шт,Разъемы,0,,,,,,,,,,,,,,,,,,,,,0,,0,0 
00000000254,,,Винт 3*6 M DIN 7985 (с полуцилиндр. головой),шт,Крепеж,0,,,,,,,,,,,,,,,,,,,,,0,,0,0 
00000000255,,,Винт 3*25 M DIN 7985 (с полуцилиндр. головой),шт,Крепеж,0,,,,,,,,,,,,,,,,,,,,,0,,0,0 
00000000256,,,Гайка М 3 ГОСТ 5915-70 оц,шт,Крепеж,0,,,,,,,,,,,,,,,,,,,,,0,,0,0 
00000000258,,,DRV135UA TI(микросхема),шт,Микросхемы,0,,,,,,,,,,,,,,,,,,,,,0,,0,0 
00000000259,,,Микрофонный кабель,шт,"Провода,кабеля",0,,,,,,,,,,,,,,,,,,,,,0,,0,0 
00000000266,,,ПФ 15 (краска),шт,Прочее,0,,,,,,,,,,,,,,,,,,,,,0,,0,0 
00000000267,,,Раствор 646,шт,Прочее,0,,,,,,,,,,,,,,,,,,,,,0,,0,0 
00000000268,,,FT232RL (микросхема),шт,Микросхемы,28,,,,,,,,,,,,,,,,,,,,,28,,28,0 
00000000269,,,ПП Макетная Beta 100*50 mm,шт,Прочее,0,,,,,,,,,,,,,,,,,,,,,0,,0,0 
00000000271,,,BLA007 - 15 (радиатор),шт,Радиаторы,0,,,,,,,,,,,,,,,,,,,,,0,,0,0 
00000000272,,,M4T40/18Y2 - 0 - 1 (ручка) (ЕЕ),шт,"N-кодеры, кнопки",0,,,,,,,,,,,,,,,,,,,,,0,,0,0 
00000000274,,,0805 100 Ом (чип резистор),шт,Резисторы,0,,,,,,,,,,,,,,,,,,,,,0,,0,0 
00000000277,,,DS90LV028ATM  NOP (микросхема),шт,Микросхемы,0,,,,,,,,,,,,,,,,,,,,,0,,0,0 
00000000278,,,LQH43CN101KO3L (катушка индуктивности),шт,Катушки индуктивности,0,,,,,,,,,,,,,,,,,,,,,0,,0,0 
00000000279,,,0603   51 pF (чип конденсатор),шт,Конденсаторы,3129,8,,,,8,,,4,,,,,,,,40,,8,,,3081,,"3081,00 ",1 
00000000280,,,0603  270 pF (чип конденсатор),шт,Конденсаторы,2360,,,,,,,,,,,,,,,,,,,,,2360,,2360,0 
00000000281,,,0603  240 pF (чип конденсатор),шт,Конденсаторы,1550,,,,,,,,,,,,,,,,,,,,,1550,,1550,0 
00000000282,3290,VE-220M1VTR-0505DW,22 uF 35V алюминиевый (конденсатор),шт,Конденсаторы,48,,,,,,,,,,,,6,,,,,,,,,42,,42,0 
00000000283,,,0805  15 Ом (чип резистор),шт,Резисторы,0,,,,,,,,,,,,,,,,,,,,,0,,0,0 
00000000284,,,0805  10 Ом (чипрезистор),шт,Резисторы,0,,,,,,,,,,,,,,,,,,,,,0,,0,0 
00000000285,,,0805 470 pF (чип конденсатор),шт,Конденсаторы,0,,,,,,,,,,,,,,,,,,,,,0,,0,0 
00000000288,,,DB - 15 (корпус),шт,Разъемы,6,,,,,,,,,1,,,,,,,,,,,,5,,5,0 
00000000295,,,0805 120 pF (чип конденсатор),шт,Конденсаторы,1000,2,,,,,,,2,,,,,,,,20,,2,,,978,,"978,00 ",1 
00000000299,,,0805  24 Ом (чипрезистор),шт,Резисторы,0,,,,,,,,,,,,,,,,,,,,,0,,0,0 
00000000302,,,BC817 (транзистор),шт,Тразисторы,0,,,,,,,,,,,,,,,,,,,,,0,,0,0 
00000000303,,,40 *40 (вентилятор),шт,Компьютерные комплектующие,0,,,,,,,,,,,,,,,,,,,,,0,,0,0 
00000000308,,,Винт 3*10 ,шт,Крепеж,0,,,,,,,,,,,,,,,,,,,,,0,,0,0 
00000000309,,,RC - 40 (шлейф),шт,Прочее,0,,,,,,,,,,,,,,,,,,,,,0,,0,0 
00000000310,,MBRS540T3G,MBRS540T3G (диод),шт,Диоды,45,1,,,,1,,,,,,,1,4,2,,1,1,1,,,35,,35,0 
00000000311,,,INA163UA  (микросхема),шт,Микросхемы,9,,,,,,,,,,,,,,,,,,,,,9,,9,0 
00000000312,,,IPC 1210 (PROEL) (кабель микрофонный),шт,"Провода,кабеля",0,,,,,,,,,,,,,,,,,,,,,0,,0,0 
00000000313,,,"Шнур питания 1,8 м",шт,"Провода,кабеля",17,,,,,,,,,,2,,,4,1,,1,,1,,,8,,8,0 
00000000314,,,USB 2.0 удлинитель (кабель),шт,"Провода,кабеля",0,,,,,,,,,,,,,,,,,,,,,0,,0,0 
00000000315,,,Сетевой шнур,шт,"Провода,кабеля",0,,,,,,,,,,,,,,,,,,,,,0,,0,0 
00000000316,,,CDR700Mb Mirex Hotline 48 speed (диск),шт,Компьютерные комплектующие,0,,,,,,,,,,,,,,,,,,,,,0,,0,0 
00000000317,,,CDR700Mb Mirex Maestro vinly 52 speed (диск),шт,Компьютерные комплектующие,0,,,,,,,,,,,,,,,,,,,,,0,,0,0 
00000000318,,SGA-6286Z,SGA-6286 (микросхема),шт,Микросхемы,68,1,,,,1,,,1,5,,1,,36,,1,10,,1,,,14,,"14,00 ",1 
00000000319,,,Pcb_v2.3 (печатная плата),шт,"Платы (печатные, демо, отладочные)",0,,,,,,,,,,,,,,,,,,,,,0,,0,0 
00000000320,421,,0805    1.5 nF (чип конденсатор),шт,Конденсаторы,1160,16,,,,4,,,,,,,0,,,,,,16,,,1144,,1144,0 
00000000321,,,0805 510 pF (чип конденсатор),шт,Конденсаторы,0,,,,,,,,,,,,,,,,,,,,,0,,0,0 
00000000322,,,0805    0.1 uF  (чип конденсатор),шт,Конденсаторы,168,,,,,,65,,,168,,,,,,,,,,,,0,,0,0 
00000000324,,,Выключатель белый мал,шт,Прочее,0,,,,,,,,,,,,,,,,,,,,,0,,0,0 
00000000325,,,Слюда пластина 50*40 мм,шт,Расходные материалы,0,,,,,,,,,,,,,,,,,,,,,0,,0,0 
00000000326,,GCM2165C2A102JA16D,0805    1 nF (чип конденсатор),шт,Конденсаторы,0,,,,,,,,,,,,,,,,,,,,,0,,0,0 
00000000327,,,0805 100 pF (чип конденсатор),шт,Конденсаторы,0,,,,,,,,,,,,,,,,,,,,,0,,0,0 
00000000328,,,0805    6.8 nF (чип конденсатор),шт,Конденсаторы,0,,,,,,,,,,,,,,,,,,,,,0,,0,0 
00000000329,,,"0805    2,7 nF (чип конденсатор)",шт,Конденсаторы,221,,,,,,,,,,,,79,,,,,,,,,142,,142,0 
00000000330,,,0805 240 pF (чип конденсатор),шт,Конденсаторы,0,,,,,,,,,,,,,,,,,,,,,0,,0,0 
00000000331,,,0805 270 pF (чип конденсатор),шт,Конденсаторы,3280,,,,,,,,,,,,120,,,,,,,,,3160,,3160,0 
00000000332,1628,,0805 430 pF (чип конденсатор),шт,Конденсаторы,471,,,,,1,,,,,,,,,,,,,,,,471,,471,0 
00000000335,,,USBB - 1J (разъем),шт,Разъемы,33,,,,,,,,,6,,5,10,2,,,5,,1,,,4,,4,0 
00000000336,,,"Термоусадка ТСТ 8,0*4,0",м,Расходные материалы,0,,,,,,,,,,,,,,,,,,,,,0,,0,0 
00000000337,,,Термоусадка диам. 10 мм,м,Расходные материалы,0,,,,,,,,,,,,,,,,,,,,,0,,0,0 
00000000342,,,DB- 25 гнездо (Разъем),шт,Разъемы,9,,,,,,,,,,,,,,,,,,,,,9,,9,0 
00000000344,,,Ручка RR4817,шт,"N-кодеры, кнопки",761,,3,,,,,,,18,27,43,,288,,,,,,,,385,,385,0 
00000000346,,,Винт_,шт,Крепеж,0,,,,,,,,,,,,,,,,,,,,,0,,0,0 
00000000349,,,Светодиод желтый 3mm,шт,Диоды,588,,,,,,,,,,,,3,,,,,,,,,585,,585,0 
00000000350,,ARL2-3040PGC,Светодиод зеленый 3mm,шт,Диоды,99,,,,,,,,,,,,,,,,,,,,,99,,99,0 
00000000351,,,0805   1 МОм (чип резистор),шт,Резисторы,,,,,,,,,,,,,,,,,,,,,,0,,0,0 
00000000354,,293D107X9010C2TE3,Тант. чип конденсатор  100mkF 10V 10% типС ,шт,Конденсаторы,0,,,,,,,,,,,,,,,,,,,,,0,,0,0 
00000000358,,,"Термоусадка 2,4 мм",м,Расходные материалы,0,,,,,,,,,,,,,,,,,,,,,0,,0,0 
00000000359,,,DB- 15M вилка (разъем),шт,Разъемы,20,,,,,,,,,1,,,17,,,,,,,,,2,,2,0 
00000000360,,,Джермафлекс,пог.м,Расходные материалы,0,,,,,,,,,,,,,,,,,,,,,0,,0,0 
00000000363,,,Диск-СD,шт,Прочее,0,,,,,,,,,,,,,,,,,,,,,0,,0,0 
00000000364,,,Маркер для СD-DVD,шт,Компьютерные комплектующие,0,,,,,,,,,,,,,,,,,,,,,0,,0,0 
00000000365,,,Вентилятор 40x40x20,шт,Вентиляторы,0,,,,,,,,,,,,,,,,,,,,,0,,0,0 
00000000367,,,0805  13 Ом 5% (чип резистор),шт,Резисторы,1998,,,,,,,,,,,,,,,,,,,,,1998,,1998,0 
00000000368,,,AD8137YRZ  (микросхема),шт,Микросхемы,1,,,,,,,,,,,,,,,,,,,,,1,,1,0 
00000000369,,,AD8302ARUZ (микросхема),шт,Микросхемы,0,,,,,,,,,,,,,,,,,,,,,0,,0,0 
00000000370,,,Термоклей,шт,Расходные материалы,0,,,,,,,,,,,,,,,,,,,,,0,,0,0 
00000000371,,,470 uF 35V (конденсатор выводный),шт,Конденсаторы,0,,,,,,,,,,,,,,,,,,,,,0,,0,0 
00000000374,,,Толкатель А17,шт,"N-кодеры, кнопки",0,,,,,,,,,,,,,,,,,,,,,0,,0,0 
00000000375,,,Толкатель А24,шт,"N-кодеры, кнопки",0,,,,,,,,,,,,,,,,,,,,,0,,0,0 
00000000376,,,Толкатель А27 белый,шт,"N-кодеры, кнопки",0,,,,,4,,,,,,,,,,,,,,,,0,,0,0 
00000000377,,,Толкатель А27 черный,шт,"N-кодеры, кнопки",0,,,,,,,,,,,,,,,,,,,,,0,,0,0 
00000000380,,,"Провод ПВ - 3 (0,5)",шт,"Провода,кабеля",0,,,,,,,,,,,,,,,,,,,,,0,,0,0 
00000000381,,,Ножки для РЭА,шт,Корпуса,0,,,,,,,,,,,,,,,,,,,,,0,,0,0 
00000000382,,,Шайба,шт,Крепеж,0,,,,,,,,,,,,,,,,,,,,,0,,0,0 
00000000384,,,Кабель USBA-USBB,шт,"Провода,кабеля",84,,1,,,,,,,4,9,24,,33,,,1,1,,,,12,,12,0 
00000000386,,,Тант. чип конденсатор  220uF 35V ,шт,Конденсаторы,0,,,,,,,,,,,,,,,,,,,,,0,,0,0 
00000000387,,,OKWA9052108 (элемент корпуса),шт,Корпуса,0,,,,,,,,,,,,,,,,,,,,,0,,0,0 
00000000388,,,OKWA9152018 (элемент корпуса),шт,Корпуса,0,,,,,,,,,,,,,,,,,,,,,0,,0,0 
00000000389,,0612009,OKWA0612009 (корпус Панель-01),шт,Корпуса,75,,1,,,,,,,,,,,,,,,,,,,75,,75,0 
00000000390,,,OKWA9212330 (элемент корпуса),шт,Корпуса,0,,,,,,,,,,,,,,,,,,,,,0,,0,0 
00000000392,,,24.000 MHz HC-49US (Резонатор кварцевый),шт,"Генераторы, резонаторы (кварцевые)",34,,,,,,,,,,,,,,,,,,,,,34,,34,0 
00000000396,,,Толкатель А03 красный,шт,"N-кодеры, кнопки",0,,,,,,,,,,,,,,,,,,,,,0,,0,0 
00000000397,,,Толкатель А03 черный,шт,"N-кодеры, кнопки",0,,,,,,,,,,,,,,,,,,,,,0,,0,0 
00000000398,,,Толкатель А19 черный,шт,"N-кодеры, кнопки",0,,,,,,,,,,,,,,,,,,,,,0,,0,0 
00000000399,,,"PSW-3, кнопка б/ф",шт,"N-кодеры, кнопки",0,,,,,,,,,,,,,,,,,,,,,0,,0,0 
00000000400,,,Клей,шт,Прочее,0,,,,,,,,,,,,,,,,,,,,,0,,0,0 
00000000401,,,Трансформатор 60W,шт,Трансформаторы,0,,,,,,,,,,,,,,,,,,,,,0,,0,0 
00000000403,,,L7805CV ( микросхема),шт,Микросхемы,10,,,,,,,,,,,,,1,,,,,,,,9,,9,0 
00000000405,,,Переходник Jack 3.5 ->6.3 (моно-стерео),шт,Разъемы,54,,,,,,,,,,,,,,,,,,,,,54,,54,0 
00000000406,,,"0603   3,9 кОм 1% (чипрезистор)",шт,Резисторы,3000,,,,,,,,,,,,,,,,,,,,,3000,,3000,0 
00000000407,,,"0603   1,3 кОм 1% (чипрезистор)",шт,Резисторы,2810,1,1,,,1,,,,,100,,116,30,,,,,1,,,2563,,2563,0 
00000000409,,,BNC RG-58 (изолирующая насадка),шт,Разъемы,90,,,,,,,,,,,,,,,,,,,,,90,,90,0 
00000000410,532,,BNC (штекер на кабель),шт,Разъемы,0,,,,,,,,,,,,,,,,,,,,,0,,0,0 
00000000411,,,MMCX - коннектор на RG-174,шт,Разъемы,0,,,,,,,,,,,,,,,,,,,,,0,,0,0 
00000000413,,,Трубка термоусадочная ТСТ 3.5/1.75 mm черная,шт,Расходные материалы,0,,,,,,,,,,,,,,,,,,,,,0,,0,0 
00000000416,,,PCB_MB_02 (печатная плата),шт,"Платы (печатные, демо, отладочные)",0,,,,,,,,,,,,,,,,,,,,,0,,0,0 
00000000417,,,0603  470 pF (чип конденсатор),шт,Конденсаторы,2717,,,,,,,,,,,,,,,,,,,,,2717,,2717,0 
00000000418,,,0603  510 pF (чип конденсатор),шт,Конденсаторы,1780,2,,,,2,,,2,,,,,,,,20,,2,,,1758,,"1758,00 ",1 
00000000419,,,0603  560 pF (чип конденсатор),шт,Конденсаторы,2720,,,,,,,,,,,,,,,,,,,,,2720,,2720,0 
00000000420,,,0603    1 nF (чип конденсатор),шт,Конденсаторы,4040,12,,,2,10,4,,5,80,,,1480,,8,,130,,12,,,2330,,"2330,00 ",1 
00000000421,320,,0603    1.5 nF (чип конденсатор),шт,Конденсаторы,1104,,,,,,,,3,,,,104,,,,30,,,,,970,,"970,00 ",1 
00000000422,,CC0603KRX7R9BB104,0603    0.1 uF (чип конденсатор),шт,Конденсаторы,19799,167,21,,51,161,2,77,25,,2100,,11399,1500,64,,,,167,,,4569,"0,13","4261,00 ",1 
00000000433,,BH-20,IDC-20MS (разъем),шт,Разъемы,109,,,,,,,,,,,,,,,,,,,,,109,,109,0 
00000000434,,,DPDT - 6 конт. пр. (тумблер),шт,Тумблеры,28,,,,,,,,,,,,,,,,,,,,,28,,28,0 
00000000436,,,Трубка термоусадочная ТСТ 8/4 mm черная,шт,Расходные материалы,0,,,,,,,,,,,,,,,,,,,,,0,,0,0 
00000000437,,,0805   10 nF (чип конденсатор),шт,Конденсаторы,0,,,,,,,,,,,,,,,,,,,,,0,,0,0 
00000000440,,,Шнур сетевой,шт,"Провода,кабеля",0,,,,,,,,,,,,,,,,,,,,,0,,0,0 
00000000442,,,Держатель д кроны,шт,Расходные материалы,0,,,,,,,,,,,,,,,,,,,,,0,,0,0 
00000000443,,,AA_USB (печатная плата),шт,"Платы (печатные, демо, отладочные)",0,,,,,,,,,,,,,,,,,,,,,0,,0,0 
00000000444,,,Osc_call_l-3*11/zip (печатная плата) 160730,шт,"Платы (печатные, демо, отладочные)",0,,,,,,,,,,,,,,,,,,,,,0,,0,0 
00000000450,,,DB - 9М вилка (Разъем),шт,Разъемы,0,,,,,,,,,,,,,,,,,,,,,0,,0,0 
00000000452,,,Тант. чип конденсатор   10uF 16V ,шт,Конденсаторы,0,,,,,,,,,,,,,,,,,,,,,0,,0,0 
00000000453,,,Винт 3*6 M DIN 7985 (с полуцилиндр. головой),шт,Крепеж,0,,,,,,,,,,,,,,,,,,,,,0,,0,0 
00000000454,,,"Этикетка 50,00*24,50мм самоклеюшийся полиэстер 7808, металлизированный",шт,Расходные материалы,0,,,,,,,,,,,,,,,,,,,,,0,,0,0 
00000000455,,,Звуковая карта Creativ Professional E-MU 0202,шт,Звуковые карты,0,,,,,,,,,,,,,,,,,,,,,0,,0,0 
00000000456,,,BW 7808   (микрофонный кабель),шт,"Провода,кабеля",0,,,,,,,,,,,,,,,,,,,,,0,,0,0 
00000000457,,,Трубка термоусадочная ТСТ 2.5/1.25 mm черная,шт,Расходные материалы,0,,,,,,,,,,,,,,,,,,,,,0,,0,0 
00000000459,,,Фотошаблон,шт,Расходные материалы,20,,1,,,,,,,,,,,,,,,,,,,20,,20,0 
00000000461,,,Джамперт МУ - 6,шт,Расходные материалы,0,,,,,,,,,,,,,,,,,,,,,0,,0,0 
00000000462,,,Звуковая карта ESL (EgoSys) Juli@,шт,Звуковые карты,0,,,,,,,,,,,,,,,,,,,,,0,,0,0 
00000000463,,,Сетка трафаретная Waengi Mesh,шт,Расходные материалы,0,,,,,,,,,,,,,,,,,,,,,0,,0,0 
00000000464,,,PE4259-63 (микросхема),шт,Микросхемы,213,,,,,,,,,,,,,,,,,,,,,213,,213,0 
00000000470,,,0805  11 Ом (чипрезистор),шт,Резисторы,0,,,,,,,,,,,,,,,,,,,,,0,,0,0 
00000000472,,,Диодный мост 1000 В 8 А,шт,Диоды,0,,,,,,,,,,,,,,,,,,,,,0,,0,0 
00000000474,,,0805   1 кОм 5% RES ,шт,Резисторы,,,,,,,,,,,,,,,,,,,,,,0,,0,0 
00000000475,,,LD1084V (микросхема),шт,Микросхемы,0,,,,,,,,,,,,,,,,,,,,,0,,0,0 
00000000479,,,BNC JR (разъем),шт,Разъемы,20,3,,,,,,,,6,,,,1,,,4,,3,,,6,,6,0 
00000000480,,,IDC-20F (разъем),шт,Разъемы,87,,,,,,,,,,,,,,,,,,,,,87,,87,0 
00000000481,,,"0603  61,9 Ом (чипрезистор)",шт,Резисторы,1381,4,,,4,,,2,,,,,510,,,,62,,4,,,805,"0,86","797,00 ",1 
00000000482,,,0603   6 кОм 1% (чипрезистор),шт,Резисторы,0,,,,,,,,,,,,,,,,,,,,,0,,0,0 
00000000483,,,GS60A15-P1J (источник питания),шт,Источники питания,0,,,,,,,,,,,,,,,,,,,,,0,,0,0 
00000000484,,,TCV622AIDT (микросхема),шт,Микросхемы,0,,,,,,,,,,,,,,,,,,,,,0,,0,0 
00000000485,,,"PLD 2-40 (Вилка прямая, разъем)",шт,Разъемы,31,,,,,,,,,,,,,,,,,,,,,31,,31,0 
00000000489,,,Вентилятор канальный 100L,шт,Прочее,0,,,,,,,,,,,,,,,,,,,,,0,,0,0 
00000000490,,,Воздухоотвод,шт,Прочее,0,,,,,,,,,,,,,,,,,,,,,0,,0,0 
00000000493,,,LTC6400CUD-20PBF (микросхема),шт,Микросхемы,1,,,,,,,,,,,,,,,,,,,,,1,,1,0 
00000000494,,,LTC6400CUD-26PBF (микросхема),шт,Микросхемы,28,,,,,,,1,,,,,,5,,,21,,,,,2,"166,84","-2,00 ",1 
00000000495,,,EРM240Т100I5N (микросхема),шт,Микросхемы,2,,,,,,,,,,,,,,,,,,1,,,1,,1,0 
00000000496,,,"Кабель плоский 1,27 мм 20жил FRC",м,"Провода,кабеля",0,,,,,,,,,,,,,,,,,,,,,0,,0,0 
00000000500,,,DB- 15F гнездо (разъем),шт,Разъемы,9,,,,,,,,,,,,,,,,,,,,,9,,9,0 
00000000501,,,Аэрозоль 200 мл,шт,Расходные материалы,0,,,,,,,,,,,,,,,,,,,,,0,,0,0 
00000000502,,,Винт 3*8 M (с полуцилиндров.головой),шт,Крепеж,0,,,,,,,,,,,,,,,,,,,,,0,,0,0 
00000000506,,,Припой,шт,Расходные материалы,0,,,,,,,,,,,,,,,,,,,,,0,,0,0 
00000000509,12 шт из них не везде поставишь,микросхема,RD16HHF1-101 (транзисторы),шт,Тразисторы,114,2,,,,2,,,,6,,2,,6,,,3,1,5,,,91,225,91,0 
00000000510,,,"CHU-4 розетка (разъем, 2,50 мм)",шт,Разъемы,215,,,,,,1,,,1,,,9,2,,,,,2,,,201,,201,0 
00000000511,,CWF4R,"CWF-4R вилка угл. (разъем, 2,50 мм)",шт,Разъемы,147,,,,,,,,,1,,,,,,,,,,,,146,,146,0 
00000000512,,,"HU-2  2,54 мм розетка на кабель (разъем)",шт,Разъемы,48,,,,,,,,,,,,,,,,3,,,,,45,,45,0 
00000000513,,MF-4F,"MF-2*2 (MF-4F) 4,2 мм розетка (разъем)",шт,Разъемы,73,,,,,,,,,,,,4,1,,,1,1,,,,66,,66,0 
00000000514,,MF-4 MRA,MF-2*2 (MF-4 MRA) 4.2 мм вилка угл. (разъем),шт,Разъемы,74,,,,,1,,,,,,,,1,,,,,2,,,71,,71,0 
00000000516,,,Микротумблер MTS-202-C4,шт,Тумблеры,0,,,,,,,,,,,,,,,,,,,,,0,,0,0 
00000000517,,,AD5263BRUZ20 (микросхема),шт,Микросхемы,3,,,,,,,,,,,,,,,,,,,,,3,,3,0 
00000000518,,,Кнопка тактовая 6*4 мм,шт,"N-кодеры, кнопки",0,,,,,,,,,,,,,,,,,,,,,0,,0,0 
00000000519,,,Тумблер (3 контакта),шт,Тумблеры,31,1,,,,,,,,2,,,,1,,,1,,1,,,26,,26,0 
00000000521,,,WF -02М вилка (разъем),шт,Разъемы,0,,,,,,,,,,,,,,,,,,,,,0,,0,0 
00000000523,,,L7812CV (микросхема),шт,Микросхемы,3,,,,,,,,,,,1,1,,,,,,,,,1,,1,0 
00000000526,,CC0603KRX7R9BB103,0603   10 nF (чип конденсатор),шт,Конденсаторы,1056,14,,,,8,2,,,,,,28,60,,,,,74,,,894,,894,0 
00000000537,,,Изолента син,шт,Расходные материалы,0,,,,,,,,,,,,,,,,,,,,,0,,0,0 
00000000538,,,Термоусадка диам. 20 мм,м,Расходные материалы,0,,,,,,,,,,,,,,,,,,,,,0,,0,0 
00000000539,,,Термоусадка 3 мм,м,Расходные материалы,0,,,,,,,,,,,,,,,,,,,,,0,,0,0 
00000000540,,,"клемма внутр.3,3",шт,Крепеж,0,,,,,,,,,,,,,,,,,,,,,0,,0,0 
00000000541,,,KSZ8041NLI (микросхема),шт,Микросхемы,13,1,,,,,,,,2,,2,1,,,,,,1,,,7,,7,0 
00000000542,,Fair-rite,2861010002 фэрит (трансфлюктор) ЕЕ,шт,Трансформаторы,12,,,,,,,,,,,,1,,,,,,,,,11,,11,0 
00000000543,,,ADC-10-4  направленный ответвитель,шт,Трансформаторы,0,,,,,,,,,,,,,,,,,,,,,0,,0,0 
00000000544,,,Кнопка тактовая ST-12-403FC-G,шт,"N-кодеры, кнопки",1539,,14,,,,,,,,300,100,,931,,,,,12,,,196,,196,0 
00000000545,,,PEC11R-4215K-S0024 датчик угла поворота,шт,"N-кодеры, кнопки",300,,3,,,,,,,,9,75,,213,,2,,,,,,1,,1,0 
00000000546,,,TDA1308N/N2  микросхема,шт,Микросхемы,5,1,,,,,,,,1,,1,,,,,,,1,,,2,,2,0 
00000000547,,,Звуковая карта Creativ SB E-MU 1212 M,шт,Звуковые карты,0,,,,,,,,,,,,,,,,,,,,,0,,0,0 
00000000548,,,Звуковая карта ESI UGM96,шт,Звуковые карты,0,,,,,,,,,,,,,,,,,,,,,0,,0,0 
00000000549,,,Panel 2 (печатная плата) для БП,шт,"Платы (печатные, демо, отладочные)",0,,1,,,,,,,,,,,,4,,,,,,,-4,,-4,0 
00000000550,,АМР -100S,АМР -100S (печатная плата),шт,"Платы (печатные, демо, отладочные)",0,,,,,,,,,,,,,,,,,,,,,0,,0,0 
00000000552,,,T73 5VDC 7A/240VAC  реле,шт,Реле,0,,,,,,,,,,,,,,,,,,,,,0,,0,0 
00000000553,,,Термоусадка 7 мм,шт,Расходные материалы,0,,,,,,,,,,,,,,,,,,,,,0,,0,0 
00000000554,,,RC - 16 (шлейф),м,Прочее,0,,,,,,,,,,,,,,,,,,,,,0,,0,0 
00000000558,,,Кабель высокочаст. СР-75,м,"Провода,кабеля",0,,,,,,,,,,,,,,,,,,,,,0,,0,0 
00000000581,,,FS-1 (педаль),шт,Тумблеры,11,,,,,,,,,,,,,,,,,,,,,11,,11,0 
00000000583,,,7-0030b /5.5*2.5*14mm (разъем),шт,Разъемы,55,1,,,,,,,,4,,,,1,1,,49,,,,,0,,0,0 
00000000584,,,"Jack 6,3 моно (разъем)",шт,Разъемы,0,,,,,,,,,,,,,,,,,,,,,0,,0,0 
00000000585,,,"Jack 6,3 стерео (разъем)",шт,Разъемы,41,,,,,,,,,,,,,,,,,,,,,41,,41,0 
00000000586,,,CS4272-СZZ (микросхема),шт,Микросхемы,3,,,,,,,,,,,,,,,,,,,,,3,,3,0 
00000000587,,,Светодиод желтый 1206,шт,Диоды,0,,,,,,,,,,,,,,,,,,,,,0,,0,0 
00000000588,,,Светодиод красный 1206 (без ножек),шт,Диоды,0,,,,,,,,,,,,,,,,,,,,,0,,0,0 
00000000591,,,КТ106-26 (феритовое кольцо),шт,Прочее,0,,,,,,,,,,,,,,,,,,,,,0,,0,0 
00000000592,,,12.000 MHz HC-49S (Резонатор кварцевый),шт,"Генераторы, резонаторы (кварцевые)",147,,1,,,,,,,10,10,25,8,83,,,5,,,,,6,,6,0 
00000000593,,,"Термоусадка 9,5 мм",шт,Расходные материалы,0,,,,,,,,,,,,,,,,,,,,,0,,0,0 
00000000594,,,Термоусадка 13 мм,м,Расходные материалы,0,,,,,,,,,,,,,,,,,,,,,0,,0,0 
00000000595,,,K73-17     1 nF 400-2200 V (конденсатор),шт,Конденсаторы,0,,,,,,,,,,,,,,,,,,,,,0,,0,0 
00000000596,,,PC817X3 (оптрон),шт,Диоды,0,,,,,,,,,,,,,,,,,,,,,0,,0,0 
00000000597,,,"K73-17     2,2 nF 400-2200 V (конденсатор)",шт,Конденсаторы,0,,,,,,,,,,,,,,,,,,,,,0,,0,0 
00000000598,,,K73-17   10 pF 400-2200 V (конденсатор),шт,Конденсаторы,0,,,,,,,,,,,,,,,,,,,,,0,,0,0 
00000000599,,,K73-17   15 pF 400-2200 V (конденсатор),шт,Конденсаторы,0,,,,,,,,,,,,,,,,,,,,,0,,0,0 
00000000600,,,K73-17   22 pF 400-2200 V (конденсатор),шт,Конденсаторы,0,,,,,,,,,,,,,,,,,,,,,0,,0,0 
00000000601,,,K73-17   47 pF 400-2200 V (конденсатор),шт,Конденсаторы,0,,,,,,,,,,,,,,,,,,,,,0,,0,0 
00000000602,,,K73-17  680 pF 400-2200 V (конденсатор),шт,Конденсаторы,0,,,,,,,,,,,,,,,,,,,,,0,,0,0 
00000000603,,,K73-17  220 pF 400-2200 V (конденсатор),шт,Конденсаторы,0,,,,,,,,,,,,,,,,,,,,,0,,0,0 
00000000604,,,K73-17  820 pF 400-2200 V (конденсатор),шт,Конденсаторы,0,,,,,,,,,,,,,,,,,,,,,0,,0,0 
00000000605,,,"Фотовывод А3, коплект 12 шт.",шт,Прочее,3,,,,,,,,,,,,,,,,,,,,,3,,3,0 
00000000606,,,K73-17 1000 pF 400-2200 V (конденсатор),шт,Конденсаторы,0,,,,,,,,,,,,,,,,,,,,,0,,0,0 
00000000609,,,TTL-232RG-VSW3V3-WE(USB-Com переходник),шт,Переходники,0,,,,,,,,,,,,,,,,,,,,,0,,0,0 
00000000610,,,US232R-100-BULK(USB-Com переходник),шт,Переходники,0,,,,,,,,,,,,,,,,,,,,,0,,0,0 
00000000611,,,115216-510-508 (корпус пластик),шт,Корпуса,0,,,,,,,,,,,,,,,,,,,,,0,,0,0 
00000000612,,,ADUM4160BRWZ (микросхема),шт,Микросхемы,1,,,,,,,,,,,,,,,,,,,,,1,,1,0 
00000000613,,,CDRH3D16NP-220NC (катушка индуктивности),шт,Катушки индуктивности,0,,,,,,,,,,,,,,,,,,,,,0,,0,0 
00000000614,,,2512   0.1 Ом (чип резистор),шт,Резисторы,14,,,,,,,,,,,,,,,,,,,,,14,,14,0 
00000000615,,,2512   2 Ом (чип резистор),шт,Резисторы,75,,,,,,,,,,,,,4,,,,,,,,71,,71,0 
00000000616,,,2512  10 Ом (чип резистор),шт,Резисторы,8,,,,,,,,,,,,,,4,,,,,,,4,,4,0 
00000000617,,RC2512FK-07100RL 1%,2512 100 Ом (чип резистор),шт,Резисторы,50,,,,,,,,,,,,2,,,,,,,,,48,,48,0 
00000000618,,,2512 180 Ом (чип резистор),шт,Резисторы,84,,,,,,,,,,,,1,,,,,,,,,83,,83,0 
00000000622,,,Ручка д.48 мм алюмин.черн ЕЕ,шт,"N-кодеры, кнопки",43,,1,,,,,,,,,,,19,,,,,,,,24,,24,0 
00000000623,,,K73-17  100 pF 400-2200 V (конденсатор),шт,Конденсаторы,0,,,,,,,,,,,,,,,,,,,,,0,,0,0 
00000000632,,,UPD720114GA-YEU-A  (микросхема),шт,Микросхемы,12,,,,,,,,,,,,,,,,,,,,,12,,12,0 
00000000637,,,0805   5.1 Ом (чипрезистор),шт,Резисторы,0,,,,,,,,,,,,,,,,,,,,,0,,0,0 
00000000638,,,GS90A15-P1M (источник питания) для SDR (и  PRO сприпаянным разьемом),шт,Источники питания,5,1,,,,,,,,,,,,2,,,,2,1,,,0,,0,0 
00000000639,,,Генератор кварцевый /Прочее/,шт,"Генераторы, резонаторы (кварцевые)",0,,,,,,,,,,,,,,,,,,,,,0,,0,0 
00000000640,,,12.288 MHz HC-49US (Резонатор кварцевый),шт,"Генераторы, резонаторы (кварцевые)",0,,,,,,,,,,,,,,,,,,,,,0,,0,0 
00000000641,,,30.000 MHz NX3225GA (Резонатор кварцевый),шт,"Генераторы, резонаторы (кварцевые)",3,,,,,,,,,,,,,,,,,,,,,3,,3,0 
00000000642,,,0603 102 Ом 1% (чипрезистор),шт,Резисторы,2250,,,,,,,,,,,,50,,,,,,,,,2200,,2200,0 
00000000643,,,AD8397ARZ (микросхема),шт,Микросхемы,0,,,,,,,,,,,,,,,,,,,,,0,,0,0 
00000000644,,,AD8132ARZ (микросхема),шт,Микросхемы,3,,,,,,,,,,,,,,,,,,,,,3,,3,0 
00000000645,,,K73-17  150 pF 400-2200 V (конденсатор),шт,Конденсаторы,0,,,,,,,,,,,,,,,,,,,,,0,,0,0 
00000000646,,,Жало на паяльник,шт,Прочее,0,,,,,,,,,,,,,,,,,,,,,0,,0,0 
00000000647,,,F09115S В50 кОм  ( резистор),шт,Резисторы,0,,,,,,,,,,,,,,,,,,,,,0,,0,0 
00000000650,,,BAT54S (диод),шт,Диоды,1130,4,,,,,,,,,,,,,,,1,,4,,,1125,,1125,0 
00000000651,,,USB 2.0 -ХАБ,шт,"Провода,кабеля",0,,,,,,,,,,,,,,,,,,,,,0,,0,0 
00000000654,,,USB Hub (разветвитель),шт,Прочее,0,,,,,,,,,,,,,,,,,,,,,0,,0,0 
00000000659,,,NLASB3157DFT2G (микросхема),шт,Микросхемы,0,,,,,,,,,,,,,,,,,,,,,0,,0,0 
00000000660,,,ADС082S021CIMN/NOPB NSC (микросхема),шт,Микросхемы,3,,,,,,,,,,,,,,,,,,,,,3,,3,0 
00000000661,,,Т37-2 (ферритовое кольцо) красн. ЕЕ,шт,Трансформаторы,82,4,,,,5,,,,8,,,,5,25,,,,48,,,-4,,-4,0 
00000000662,,,Т37-6 (ферритовое кольцо) желт. ЕЕ,шт,Трансформаторы,88,3,,,,5,,,,6,,,6,5,21,,,,3,,,47,,47,0 
00000000663,,,BN-43-2402 (трансфлюктор) ЕЕ,шт,Трансформаторы,55,1,,,,,,,,2,,,1,1,,,,,1,,,50,,50,0 
00000000664,,,BN-43-302 (трансфлюктор),шт,Трансформаторы,0,,,,,,,,,,,,,,,,,,,,,0,,0,0 
00000000665,,,BN-43-3312 (трансфлюктор),шт,Трансформаторы,0,,,,,,,,,,,,,,,,,,,,,0,,0,0 
00000000666,,,Т200-2 (ферритовое кольцо) ,шт,Трансформаторы,0,,,,,,,,,,,,,,,,,,,,,0,,0,0 
00000000667,,,Т50-2 (ферритовое кольцо) красн.,шт,Трансформаторы,8,,,,,,,,,,,,,,,,,,,,,8,,8,0 
00000000668,,,Т50-6 (ферритовое кольцо) желт.,шт,Трансформаторы,10,,,,,,,,,,,,,,1,,,,,,,9,,9,0 
00000000669,,,Т80-2 (ферритовое кольцо) ,шт,Трансформаторы,0,,,,,,,,,,,,,,,,,,,,,0,,0,0 
00000000670,,,Т130-2 (ферритовое кольцо) ,шт,Трансформаторы,0,,,,,,,,,,,,,,,,,,,,,0,,0,0 
00000000671,,T68-2,Т68-2 (ферритовое кольцо) Red/Clear µ°=10,шт,Трансформаторы,5,,,,,,3,,,3,,,,,,,,,,,,2,,2,0 
00000000673,,,Pcb_v2.5 (печатная плата),шт,"Платы (печатные, демо, отладочные)",0,,,,,,,,,,,,,,,,,,,,,0,,0,0 
00000000678,,,74HC4040BM (микросхема),шт,Микросхемы,0,,,,,,,,,,,,,,,,,,,,,0,,0,0 
00000000679,,,WF -02F розетка (разъем),шт,Разъемы,0,,,,,,,,,,,,,,,,,,,,,0,,0,0 
00000000680,,,"0805    2,2 uF (чип конденсатор)",шт,Конденсаторы,3000,,,,3,,,,,,,,826,,,,,,,,,2174,,2174,0 
00000000681,,,Сверло метал.,шт,Расходные материалы,0,,,,,,,,,,,,,,,,,,,,,0,,0,0 
00000000684,,,AD1836АASZ (микросхема),шт,Микросхемы,0,,,,,,,,,,,,,,,,,,,,,0,,0,0 
00000000685,,,Корпус Midi Tower ATX 430W/450W,шт,Компьютерные комплектующие,0,,,,,,,,,,,,,,,,,,,,,0,,0,0 
00000000686,,,"Жесткий диск  320Gb, 16MB",шт,Компьютерные комплектующие,0,,,,,,,,,,,,,,,,,,,,,0,,0,0 
00000000687,,,USB-COM преобразователь EE-USBCOM-01,шт,Прочее,2,,,,,,,,,,,,1,,,,,,,,,1,,1,0 
00000000689,,,1206 330 pF (чип конденсатор),шт,Конденсаторы,567,2,,,,3,2,,,,,,,,,,,,2,,,565,,565,0 
00000000690,,,0805 620 pF (чип конденсатор),шт,Конденсаторы,2080,2,,,,,,,,,,,,,,,,,2,,,2078,,2078,0 
00000000691,,,BF998.215 NXP (транзистор),шт,Тразисторы,17,,,,,,,,,,,,,,,,,,,,,17,,17,0 
00000000692,,,BFG591.115 NXP (транзистор),шт,Тразисторы,5,,,,,,,,,,,,,,,,,,,,,5,,5,0 
00000000693,,,120 MHz KXO-V97  (Генератор кварцевый),шт,"Генераторы, резонаторы (кварцевые)",4,,,,,,,,,,,,,,,,,,,,,4,,4,0 
00000000694,,,RD15VHF1 (транзисторы),шт,Тразисторы,0,,,,,,,,,,,,,,,,,,,,,0,,0,0 
00000000695,,,"LPC1768FBD100, 551(микросхема)",шт,Микросхемы,0,,,,,,,,,,,,,,,,,,,,,0,,0,0 
00000000696,,,MMBFJ310LT1G (транзисторы),шт,Тразисторы,261,,,,,,,,,,,,5,,,,,,,,,256,,256,0 
00000000697,,,MC7805BTG(микросхема),шт,Микросхемы,0,,,,,,,,,,,,,,,,,,,,,0,,0,0 
00000000698,,,BFG135.115 NXP (транзистор),шт,Тразисторы,17,,,,,,,,,,,,,,,,,,,,,17,,17,0 
00000000699,,,FT2232HL-R (микросхема),шт,Микросхемы,4,,,,,,,,,,,,,,,,,,,,,4,,4,0 
00000000700,,,LAN8720A-CP (микросхема),шт,Микросхемы,3,,,,,,,,,,,,,,,,,,,,,3,,3,0 
00000000701,,,"Труба Д16Т кр 6*1, L=3000",кг,Прочее,0,,,,,,,,,,,,,,,,,,,,,0,,0,0 
00000000702,,,"Труба Д16Т кр 22*1,5, L=3000",кг,Прочее,0,,,,,,,,,,,,,,,,,,,,,0,,0,0 
00000000703,,,"Труба Д16Т кр 28*1,5, L=3000",кг,Прочее,0,,,,,,,,,,,,,,,,,,,,,0,,0,0 
00000000704,,,"Труба Д16Т кр 32*2,0, L=3000",кг,Прочее,0,,,,,,,,,,,,,,,,,,,,,0,,0,0 
00000000705,,,"Труба АМг5М кр 35*2,5, L=6000",кг,Прочее,0,,,,,,,,,,,,,,,,,,,,,0,,0,0 
00000000706,,,Фильтр 5/13мм 50 Ом ,шт,Прочее,0,,,,,,,,,,,,,,,,,,,,,0,,0,0 
00000000707,,,Предохраниетли компл.авто,компл.,Прочее,0,,,,,,,,,,,,,,,,,,,,,0,,0,0 
00000000709,,,BF245 (транзистор),шт,Тразисторы,6,,,,,,,,,,,,,,,,,,,,,6,,6,0 
00000000711,,,Бутылка ПЭТ,шт,Прочее,0,,,,,,,,,,,,,,,,,,,,,0,,0,0 
00000000718,,2861000202,BN-61-202 (трансфлюктор) / или код 155,шт,Трансформаторы,0,,,,,,,,,,,,,,,,,,,,,0,,0,0 
00000000719,,,MGA62563BLKG(микросхема),шт,Микросхемы,4,1,,,,,,,,1,,1,,,,,2,,,,,0,,0,0 
00000000720,,AD1939WBSTZ@AD,AD1939YSТZ   (микросхема),шт,Микросхемы,8,1,,,,,,,,1,,1,1,,,,,,1,,,4,,4,0 
00000000721,,,74ALVC74D (микросхема),шт,Микросхемы,0,,,,,,,,,,,,,,,,,,,,,0,,0,0 
00000000722,,,THS4520RGTR (микросхема),шт,Микросхемы,132,,,,1,,,,,1,,,126,,,,1,,,,,4,,4,0 
00000000725,,,B64290-L811-X87 (ферритовое кольцо) ,шт,Трансформаторы,0,,,,,,,,,,,,,,,,,,,,,0,,0,0 
00000000726,,,"0805   3,6 кОм (чипрезистор)",шт,Резисторы,0,,,,,,,,,,,,,,,,,,,,,0,,0,0 
00000000727,,,FTR-B3GA4.5Z сигнальное реле,шт,Реле,0,,,,,,,,,,,,,,,,,,,,,0,,0,0 
00000000730,,,100 MHz (Генератор кварцевый),шт,"Генераторы, резонаторы (кварцевые)",0,,,,,,,,,,,,,,,,,,,,,0,,0,0 
00000000731,,,"Измеритель КСВ и мощности SX-1000, 1.8-160 и 430-1300 МГц",шт,Прочее,0,,,,,,,,,,,,,,,,,,,,,0,,0,0 
00000000733,,,AD9912ABCPZ   (микросхема),шт,Микросхемы,0,,,,,,,,,,,,,,,,,,,,,0,,0,0 
00000000734,,,Codec (печатная плата),шт,"Платы (печатные, демо, отладочные)",0,,,,,,,,,,,,,,,,,,,,,0,,0,0 
00000000735,,VHF XVRX,VHF XVRX (печатная плата),шт,"Платы (печатные, демо, отладочные)",0,,,,,,,,,,,,,,,,,,,,,0,,0,0 
00000000738,,,RA08H1317M-101 (микросхема),шт,Микросхемы,16,1,,,,1,,,,2,,1,,,,,,,1,,,12,,12,0 
00000000739,,,RA07H4047M-101 (микросхема),шт,Микросхемы,0,,,,,,,,,,,,,,,,,,,,,0,,0,0 
00000000740,,,"0603   3,6 кОм 1% (чипрезистор)",шт,Резисторы,2500,1,,,,1,,,,,,,50,,,,,,1,,,2449,,2449,0 
00000000741,,,TZC3P300A110 6.5-30 pF (подстр. чип конденсатор),шт,Конденсаторы,0,,,,,,,,,,,,,,,,,,,,,0,,0,0 
00000000742,,,0603   22 pF (чип конденсатор),шт,Конденсаторы,1772,7,2,,,8,,,,60,200,80,,,,,,,7,,,1425,,1425,0 
00000000744,,,Клемма,шт,Прочее,0,,,,,,,,,,,,,,,,,,,,,0,,0,0 
00000000746,,,Клипса,шт,Прочее,0,,,,,,,,,,,,,,,,,,,,,0,,0,0 
00000000749,,,0805 330 pF (чип конденсатор),шт,Конденсаторы,4560,,,,,,,,,,,,40,,,,,,,,,4520,,4520,0 
00000000750,,,Заглушка д.40,шт,Прочее,0,,,,,,,,,,,,,,,,,,,,,0,,0,0 
00000000751,,,труба д.40,шт,Прочее,0,,,,,,,,,,,,,,,,,,,,,0,,0,0 
00000000752,,,Нагревательный элемент,шт,Прочее,0,,,,,,,,,,,,,,,,,,,,,0,,0,0 
00000000753,,,Кнопка TS21050,шт,Прочее,0,,,,,,,,,,,,,,,,,,,,,0,,0,0 
00000000756,,,USB- BLASTER средство разработки,шт,Прочее,0,,,,,,,,,,,,,,,,,,,,,0,,0,0 
00000000757,,,BLM21PG300SN1D (катушка индуктивности),шт,Катушки индуктивности,213,,,,,,5,,,,,,,,,,,,,,,213,,213,0 
00000000758,,UFL_6474011114,UFL-F/PRSMA-F / UFL_6474011114 (разъем),шт,Разъемы,32,3,,,,3,,,,3,4,,5,2,,,3,,3,,,12,,12,0 
00000000759,,,SMA-BJ (разъем),шт,Разъемы,0,,,,,,,,,,,,,,,,,,,,,0,,0,0 
00000000760,,,SMAP-BNCJ (разъем),шт,Разъемы,0,,,,,,,,,,,,,,,,,,,,,0,,0,0 
00000000763,,,Кулер Glacial,шт,Компьютерные комплектующие,0,,,,,,,,,,,,,,,,,,,,,0,,0,0 
00000000765,,,"Жесткий диск  250Gb, ",шт,Компьютерные комплектующие,0,,,,,,,,,,,,,,,,,,,,,0,,0,0 
00000000766,,,Розетка,шт,Прочее,0,,,,,,,,,,,,,,,,,,,,,0,,0,0 
00000000767,,,"Провод ШВВП 2*1,5",м,"Провода,кабеля",0,,,,,,,,,,,,,,,,,,,,,0,,0,0 
00000000775,,,Гарнитура заземления TWIST-10/10-24,шт,Прочее,0,,,,,,,,,,,,,,,,,,,,,0,,0,0 
00000000776,,,Браслет ONE-TOUCH,шт,Прочее,0,,,,,,,,,,,,,,,,,,,,,0,,0,0 
00000000777,,,Коврик наст. МАТ 60*90,шт,Прочее,0,,,,,,,,,,,,,,,,,,,,,0,,0,0 
00000000779,,,"0603    5,6 pF (чип конденсатор)",шт,Конденсаторы,1600,,,,,,,,,,,,,,,,,,,,,1600,,1600,0 
00000000780,,,0603  100 pF (чип конденсатор),шт,Конденсаторы,8250,6,,,1,5,,1,2,,,,425,,,,41,,6,,,7778,"0,14","7774,00 ",1 
00000000781,,,EP3С25Е144I7N (микросхема) /к.1678,шт,Микросхемы,0,,,,,,,,,,,,,,,,,,,,,0,,0,0 
00000000782,,,135 MHz KXO-V97 (Генератор кварцевый),шт,"Генераторы, резонаторы (кварцевые)",0,,,,,,,,,,,,,,,,,,,,,0,,0,0 
00000000804,,,0805 750 Ом (чип резистор),шт,Резисторы,0,,,,,,,,,,,,,,,,,,,,,0,,0,0 
00000000805,,,"0805    7,5 рF (чип конденсатор)",шт,Конденсаторы,0,,,,,,,,,,,,,,,,,,,,,0,,0,0 
00000000806,,,0603   24 pF (чип конденсатор),шт,Конденсаторы,0,,,,,,,,,,,,,,,,,,,,,0,,0,0 
00000000807,,,0603  150 pF (чип конденсатор),шт,Конденсаторы,100,,,,,,,2,,,,,,,,,42,,,,,58,"0,61","50,00 ",1 
00000000808,,,0603  68 кОм 1% (чипрезистор),шт,Резисторы,0,,,,,,,,,,,,,,,,,,,,,0,,0,0 
00000000809,,,Корпус,шт,Прочее,0,,,,,,,,,,,,,,,,,,,,,0,,0,0 
00000000813,,,ADЕ- 5 (микросхема),шт,Микросхемы,0,,,,,,,,,,,,,,,,,,,,,0,,0,0 
00000000815,,,MC78PC50NTRG(микросхема),шт,Микросхемы,16,2,,,,1,,,,,,2,2,1,,,1,,2,,,8,,8,0 
00000000818,,,Полисатин КЛБ,шт,Расходные материалы,0,,,,,,,,,,,,,,,,,,,,,0,,0,0 
00000000820,,,PI3VT3245LE (микросхема),шт,Микросхемы,1,,,,,,,,,,,,,,,,,,,,,1,,1,0 
00000000821,,L7809CV TO220 ST,L7809CV ( микросхема) в пластмассовой линейке,шт,Микросхемы ,27,1,,,,1,,,,2,,1,,2,,,1,,1,,,20,,20,0 
00000000822,,,"0603    4,7 pF (чип конденсатор)",шт,Конденсаторы,700,1,,,,2,,,,,,,47,,,,,,21,,,632,,632,0 
00000000823,,,"0603    4,7 nF (чип конденсатор)",шт,Конденсаторы,4000,,,,2,,,,,,,,1280,,,,,,,,,2720,,2720,0 
00000000824,,,0603   56 pF (чип конденсатор),шт,Конденсаторы,2240,3,,,,,,,,,,,,,,,,,3,,,2237,,2237,0 
00000000825,1624,08051A820JAT2A,0805   82 pF (чип конденсатор),шт,Конденсаторы,1640,4,,,,3,,,,,,,0,,,,20,,4,,,1616,,1616,0 
00000000826,,,Жесткий диск  500Gb,шт,Компьютерные комплектующие,0,,,,,,,,,,,,,,,,,,,,,0,,0,0 
00000000832,,GRM1885C1 H180JA01,0603   18 pF (чип конденсатор),шт,Конденсаторы,3200,,,,2,,2,4,,,,,600,,,,84,,,,,2516,"0,08","2500,00 ",1 
00000000833,,,0603 510 Ом 1% (чипрезистор),шт,Резисторы,0,,,,,,,,,,,,,,,,,,,,,0,,0,0 
00000000834,,,Штангенциркуль STD-25,шт,Прочее,0,,,,,,,,,,,,,,,,,,,,,0,,0,0 
00000000835,,Stend,Stend (печатная плата),шт,"Платы (печатные, демо, отладочные)",0,,,,,,,,,,,,,,,,,,,,,0,,0,0 
00000000836,,,Скоба пластиковая,шт,Прочее,0,,,,,,,,,,,,,,,,,,,,,0,,0,0 
00000000837,,,Кабель LAN 1*2*24,м,"Провода,кабеля",0,,,,,,,,,,,,,,,,,,,,,0,,0,0 
00000000838,,,Дюбель с шурупом,шт,Крепеж,0,,,,,,,,,,,,,,,,,,,,,0,,0,0 
00000000839,,,CAT16 4x4.7 кОм (резистор),шт,Резисторы,443,1,,,,,,,,,,,,,,,,,1,,,442,,442,0 
00000000841,,,Катушка,шт,Расходные материалы,0,,,,,,,,,,,,,,,,,,,,,0,,0,0 
00000000842,,,"0805    4,7 uF (чип конденсатор)",шт,Конденсаторы,720,5,,,,1,,1,,,,,,,,,21,,5,,,694,"0,92","690,00 ",1 
00000000843,,,TJ16S-8P8C (разъем RJ-45),шт,Разъемы,30,1,,,,,,,,2,,,,,,,1,,1,,,26,,26,0 
00000000844,,,TC1-1T+MiniCir (трансформатор),шт,Трансформаторы,34,1,,,,1,,1,,1,3,,2,5,,,22,,1,,,0,"138,6","-4,00 ",1 
00000000847,,,Корпус COMPAC,шт,Корпус COMPAC,0,,,,,,,,,,,,,,,,,,,,,0,,0,0 
00000000848,,,Ножка из пластика складная,шт,Корпус COMPAC,0,,,,,,,,,,,,,,,,,,,,,0,,0,0 
00000000849,,,Ножка для задней стенки с рез. вставкой,шт,Корпус COMPAC,0,,,,,,,,,,,,,,,,,,,,,0,,0,0 
00000000850,,,Ручка 63 НР,шт,Корпус COMPAC,0,,,,,,,,,,,,,,,,,,,,,0,,0,0 
00000000851,,,Провод МГТФ,м,"Провода,кабеля",0,,,,,,,,,,,,,,,,,,,,,0,,0,0 
00000000852,,,Проволока,кг,"Провода,кабеля",0,,,,,,,,,,,,,,,,,,,,,0,,0,0 
00000000853,,,Текстолит,шт,Расходные материалы,0,,,,,,,,,,,,,,,,,,,,,0,,0,0 
00000000854,,,"0603    3,9 pF (чип конденсатор)",шт,Конденсаторы,0,,,,,,,,,,,,,,,,,,,,,0,,0,0 
00000000856,,,BAT54С (диод),шт,Диоды,0,,,,,,,,,,,,,,,,,,,,,0,,0,0 
00000000860,,,Кабель-канал,м,"Провода,кабеля",0,,,,,,,,,,,,,,,,,,,,,0,,0,0 
00000000861,,,Сверло,шт,Прочее,0,,,,,,,,,,,,,,,,,,,,,0,,0,0 
00000000864,,,0603   0 Ом 1% (чипрезистор),шт,Резисторы,0,,,,,,,,,,,,,,,,,,,,,0,,0,0 
00000000865,,,Кабель PK75-4-11,м,"Провода,кабеля",0,,,,,,,,,,,,,,,,,,,,,0,,0,0 
00000000867,,,Винт 4*8 (стопорный),шт,Крепеж,0,,,,,,,,,,,,,,,,,,,,,0,,0,0 
00000000868,,,"Коробка наружной установки КМКУ ""Элекор""",шт,Прочее,0,,,,,,,,,,,,,,,,,,,,,0,,0,0 
00000000870,,,AD9957BSVZ (микросхема),шт,Микросхемы,5,1,,,,1,,,,1,1,1,,,,,,,1,,,1,,1,0 
00000000871,,AT45DB081D-SSU SO8 ATMEL,AT45DB081D-SU (микросхема),шт,Микросхемы,27,1,,,,,,,,1,,1,,,,,,,1,,,24,,24,0 
00000000872,,,DAC084S085CIMM (микросхема),шт,Микросхемы,4,1,,,,1,,,,1,1,1,,,,,,,1,,,0,,0,0 
00000000874,,,Антенна WiFi,шт,Антенны,0,,,,,,,,,,,,,,,,,,,,,0,,0,0 
00000000879,,,HS172-150 (радиатор),шт,Радиаторы,12,1,,,,,,,,,,,,,,,,,,,,12,,12,0 
00000000883,,,Жесткий диск  750 Гб,шт,Компьютерные комплектующие,0,,,,,,,,,,,,,,,,,,,,,0,,0,0 
00000000884,,,Жесткий диск SSD  60 Gb 2.5'',шт,Компьютерные комплектующие,0,,,,,,,,,,,,,,,,,,,,,0,,0,0 
00000000887,,,Память DDR3 2048Mb,шт,Компьютерные комплектующие,0,,,,,,,,,,,,,,,,,,,,,0,,0,0 
00000000891,,,Термопаста,шт,Расходные материалы,0,,,,,,,,,,,,,,,,,,,,,0,,0,0 
00000000892,,,Кабель Патчкорд RJ45 1.8m,шт,"Провода,кабеля",0,,,,,,,,,,,,,,,,,,,,,0,,0,0 
00000000893,,,DHR-15F (разъем),шт,Разъемы,114,,,,,,,,,,,,,,,,,,,,,114,,114,0 
00000000894,,,DHR-15MB (разъем),шт,Разъемы,7,,,,,,,,,,,,,,,,,,,,,7,,7,0 
00000000895,,,NCP1117DT18T5G (микросхема),шт,Микросхемы,54,3,,,,3,,,,,3,3,,,,,,,3,,,45,,45,0 
00000000896,,,NCP1117DT25T5G (микросхема),шт,Микросхемы,39,1,,,,1,,,,,,1,1,,,,,,1,,,36,,36,0 
00000000897,,,NCP1117DT50RKG (микросхема),шт,Микросхемы,56,1,,,,2,1,,,7,,1,3,,,,,,1,,,44,,44,0 
00000000898,,,MMCX-M/SMA-F (разъем),шт,Разъемы,0,,,,,,,,,,,,,,,,,,,,,0,,0,0 
00000000899,,,SMAP-BNCP/-mUHFP (разъем),шт,Разъемы,3,,,,,,,,,,,,,,,,,,,,,3,,3,0 
00000000900,,FAN1112DX,FAN1112DX (микросхема),шт,Микросхемы,16,1,,,,,,,,,,1,,,,,,,1,,,14,,14,0 
00000000903,,,Ящик почтовый,шт,Прочее,0,,,,,,,,,,,,,,,,,,,,,0,,0,0 
00000000905,,,Кабель RG 178 (50 Ом),м,"Провода,кабеля",0,,,,,,,,,,,,,,,,,,,,,0,,0,0 
00000000906,,,Кабель PK50-2-22,м,"Провода,кабеля",0,,,,,,,,,,,,,,,,,,,,,0,,0,0 
00000000908,,CDRH127/LDNP-680MC,CDRH127/LDNP-680MC (катушка индуктивности),шт,Катушки индуктивности,30,3,,,,3,1,,,7,3,,1,,,,3,,6,,,10,,10,0 
00000000909,,,LM358DR2G ONS (микросхема),шт,Микросхемы,99,1,,,,1,,,,,1,1,2,,,,,,1,,,94,,94,0 
00000000910,,SN75176BD,SN75176BDR TI (микросхема),шт,Микросхемы,8,1,,,,1,1,,,2,1,1,,,,,,,1,,,3,,3,0 
00000000911,,,Стяжка кабельная,шт,Прочее,0,,,,,,,,,,,,,,,,,,,,,0,,0,0 
00000000913,,,Тангента MH-31A8J ( микрофон),шт,Гарнитура,0,,,,,,,,,,,,,,,,,,,,,0,,0,0 
00000000914,,,1455R1601 (корпус для SunSDR),шт,Корпуса,42,1,,,,,,,,,,,,,,,,,1,,,41,,41,0 
00000000915,,,NCP1529ASNT1G (микросхема),шт,Микросхемы,626,1,,,4,,,2,,2,6,1,500,4,5,,91,,1,,,16,"27,16","8,00 ",1 
00000000916,,,VLCF4020T-2R2N1R7 (катушка индуктивности),шт,Катушки индуктивности,117,1,,,,,,4,,,3,,1,8,,,85,,1,,,19,"30,2","3,00 ",1 
00000000917,,,Аккумулятор PB-43LH (литиевый) для Kenwood TK 4AT,шт,Батарейки,0,,,,,,,,,,,,,,,,,,,,,0,,0,0 
00000000918,,,Travel Charger (мобильная зарядка) для Kenwood,шт,Прочее,0,,,,,,,,,,,,,,,,,,,,,0,,0,0 
00000000924,,,"LPC1778FET180,551 (микросхема)",шт,Микросхемы,9,1,,,,,,,,2,1,1,,,,,1,,1,,,3,,3,0 
00000000925,,LTM9001CV-BA#PBF,LTM9001CV-BA (микросхема),шт,Микросхемы,6,1,,,,,,,,,2,1,,,1,,1,,1,,,0,,0,0 
00000000928,,,"Фото 3,5*4,5",шт,Прочее,0,,,,,,,,,,,,,,,,,,,,,0,,0,0 
00000000929,,M04-S,Антенна M04-S,шт,Прочее,27,1,,,,,,,,1,5,4,2,,1,,9,2,,,,3,,3,0 
00000000930,,M2MAC-UF-15-SFP,Кабельная сборка M2MAC-UF-15-SFP,шт,"Провода,кабеля",54,4,,,,,,,,12,4,13,2,,4,,13,1,3,,,2,,2,0 
00000000931,,TC8-1G2+,TC8-1+ Mini Circuits (трансформатор),шт,Трансформаторы,28,1,,,,2,,,,,,,,,,,2,,1,,,25,,25,0 
00000000935,,,Фотоаппарат Samsung ST76,шт,Прочее,0,,,,,,,,,,,,,,,,,,,,,0,,0,0 
00000000939,,,0603 100 кОм 1% (чипрезистор),шт,Резисторы,2194,3,,,2,2,,3,,,,,255,17,2,,63,,3,,,1854,"0,05","1842,00 ",1 
00000000940,,,0603 100 Ом 1% (чипрезистор),шт,Резисторы,4204,7,,,3,6,1,2,,,100,,385,,,,42,,7,,,3670,"0,86","3662,00 ",1 
00000000941,,,0603  10 кОм 1% (чипрезистор),шт,Резисторы,8316,2,13,,2,3,2,7,,,1400,,255,370,10,,147,691,2,,,5441,"0,5","5413,00 ",1 
00000000942,,,0603  12.1 Ом 1% (чипрезистор),шт,Резисторы,2520,,,,2,4,,2,,,,,255,165,,,42,,,,,2058,"0,05","2050,00 ",1 
00000000943,,,0603 150 кОм1%  (чипрезистор),шт,Резисторы,2945,,,,,,,,,,,,,,,,,,,,,2945,,2945,0 
00000000944,1283,CRCW06031K00FKEA,0603   1 кОм 1% (чипрезистор) ,шт,Резисторы,12791,37,29,,2,38,22,15,,,2820,,887,1151,14,,315,60,37,,,7507,"0,59","7447,00 ",1 
00000000945,,,0603 200 кОм 1% (чипрезистор),шт,Резисторы,3500,,,,,,,,,,,,100,,2,,,,,,,3398,,3398,0 
00000000946,,,0603 200 Ом 1% (чипрезистор),шт,Резисторы,2110,7,,,,5,,1,3,,,,,45,8,,31,,7,,,2019,"0,86","2015,00 ",1 
00000000948,,,0603   4.75 кОм 1% (чипрезистор),шт,Резисторы,2570,,,,3,,,,,,,,150,,,,,,,,,2420,,2420,0 
00000000949,,,0603   6.49 кОм 1% (чипрезистор),шт,Резисторы,3000,2,,,1,2,,1,,,,,128,,2,,21,,2,,,2847,"0,86","2843,00 ",1 
00000000950,,,0603 750 Ом 1% (чипрезистор),шт,Резисторы,5800,1,,,,,,,,,,,140,,,,,,1,,,5659,,5659,0 
00000000951,,,0603 560 Ом 5% (чипрезистор),шт,Резисторы,2580,1,,,,,,,,,,,,,,,,,1,,,2579,,2579,0 
00000000952,1622,,0603   5.1 Ом 5% (чипрезистор),шт,Резисторы,4606,2,,,,,,,,,,,,,,,,,2,,,4604,,4604,0 
00000000954,,,Подложка 2А150130,шт,Прочее,0,,,,,,,,,,,,,,,,,,,,,0,,0,0 
00000000955,,,0805-LQW2BNH -  15 nH (катушка индуктивности),шт,Катушки индуктивности,189,1,,,,1,,,,,,,25,,,,,,1,,,163,,163,0 
00000000956,"2798, 3055",,0805-LQW2BNH - 220 nH (катушка индуктивности),шт,Катушки индуктивности,131,5,,,,,,,,6,,,27,,,,,,5,,,93,,93,0 
00000000957,,,0805-LQW2BNH -  33 nH (катушка индуктивности),шт,Катушки индуктивности,35,1,,,,2,,,,,,,,,,,,,1,,,34,,34,0 
00000000958,,LQW2BNHR22J03L,0805-LQW2BNH -  22 nH (катушка индуктивности),шт,Катушки индуктивности,12,1,,,,1,,,,,,,,,,,,,1,,,11,,11,0 
00000000959,,,1812-LQH43M - 82 uH (катушка индуктивности),шт,Катушки индуктивности,0,,,,,,,,,,,,,,,,,,,,,0,,0,0 
00000000960,,,BLM18AG471SN1D (катушка индуктивности),шт,Катушки индуктивности,746,7,,,,,,14,,,140,,,98,,,218,,7,,,283,"0,47","227,00 ",1 
00000000961,2797,,0805-LQW2BNH - 150 nH (катушка индуктивности),шт,Катушки индуктивности,77,1,,,,,,,,20,,,27,4,,,,,1,,,25,,25,0 
00000000962,,,AD8542ARZ (микросхема) в пластмассовой линейке,шт,Микросхемы,42,4,,,,,,,,,,4,2,,,,,,4,,,32,,32,0 
00000000963,,"2560TK-AIT 50,00MHZ@NDK",50 MHz 2560TK-AIT (Генератор кварцевый),шт,"Генераторы, резонаторы (кварцевые)",5,1,,,,,,,,1,,,,,,,,,1,,,3,,3,0 
00000000964,,,TRJ0011ABNL (разъем),шт,Разъемы,7,1,,,,,,,,2,,,,,,,1,,1,,,3,,3,0 
00000000965,,,12.000 MHz KX-KST (Резонатор кварцевый),шт,"Генераторы, резонаторы (кварцевые)",0,,,,,,,,,,,,,,,,,,,,,0,,0,0 
00000000969,,,Элемент питания,компл.,Прочее,0,,,,,,,,,,,,,,,,,,,,,0,,0,0 
00000000970,,,SGA-4586Z (микросхема),шт,Микросхемы,8,1,,,,1,,,,,1,1,,1,,,,,1,,,4,,4,0 
00000000971,,,Паяльная станция ICON Nano,шт,Прочее,0,,,,,,,,,,,,,,,,,,,,,0,,0,0 
00000000972,,,Жало паяльное 102WDLF16 ,шт,Прочее,0,,,,,,,,,,,,,,,,,,,,,0,,0,0 
00000000973,,,Жало паяльное 102CDLF32,шт,Прочее,0,,,,,,,,,,,,,,,,,,,,,0,,0,0 
00000000974,,,жало паяльное 102CDLF50,шт,Прочее,0,,,,,,,,,,,,,,,,,,,,,0,,0,0 
00000000975,,,CAB MMCX-M/SMA-F RG-174U (кабель коаксиальный),шт,"Провода,кабеля",0,,,,,,,,,,,,,,,,,,,,,0,,0,0 
00000000976,,,0603  390 pF (чип конденсатор),шт,Конденсаторы,1760,4,,,,2,,,2,,,,,,,,10,,4,,,1746,,"1746,00 ",1 
00000000977,,,0805 150 pF (чип конденсатор),шт,Конденсаторы,2000,3,,,,,,,,,,,,,,,,,3,,,1997,,1997,0 
00000000978,,,"0805    5,6 pF (чип конденсатор)",шт,Конденсаторы,1600,4,,,,,,,,,,,,,,,,,4,,,1596,,1596,0 
00000000979,,,MMCX - J (разъем),шт,Разъемы,0,,,,,,,,,,,,,,,,,,,,,0,,0,0 
00000000980,,,0805 820 рF (чип конденсатор),шт,Конденсаторы,3200,,,,,,,,,,,,,,,,,,,,,3200,,3200,0 
00000000982,,,FOD817ASD SO4 FAIR (микросхема),шт,Микросхемы,55,1,,,,1,,,,,,1,1,,,,,,1,,,52,,52,0 
00000000983,,,0603   62 pF (чип конденсатор),шт,Конденсаторы,1840,2,,,,,,,,,,,120,,,,,,2,,,1718,,1718,0 
00000000984,,GQM2195C2A180JB01D,0805   18 pF (чип конденсатор),шт,Конденсаторы,2629,3,,,,,,,,,,,143,,,,,,3,,,2483,,2483,0 
00000000985,,,0603   10 pF (чип конденсатор),шт,Конденсаторы,5044,3,,,4,4,,2,,,,,2026,,2,,42,,3,,,2971,"0,12","2963,00 ",1 
00000000986,,,0805    0.1 mkF (чип конденсатор),шт,Конденсаторы,986,,,,,,,,,,,,,,,,,,,,,986,,986,0 
00000000987,,GQM2195C2A150JB01D,0805   15 pF (чип конденсатор),шт,Конденсаторы,1760,2,,,,,,,,,,,80,,,,,,2,,,1678,,1678,0 
00000000988,,,0805   33 pF (чип конденсатор),шт,Конденсаторы,1800,3,,,,,,,,,,,,,,,,,63,,,1737,,1737,0 
00000000989,,,0805   47 pF (чип конденсатор),шт,Конденсаторы,2160,2,,,,3,,,2,,,,0,160,,,20,,2,,,1978,,"1978,00 ",1 
00000000990,"135,",,0805    1 mkF (чип конденсатор),шт,Конденсаторы,0,,,,,,,,,,,,,,,,,,,,,0,,0,0 
00000000991,,,"0603    2,2 nF (чип конденсатор)",шт,Конденсаторы,6560,1,,,1,1,,,1,,,,2647,1463,,,20,,1,,,2429,,"2429,00 ",1 
00000000992,,,0805 200 pF (чип конденсатор),шт,Конденсаторы,1500,3,,,,2,,,2,,,,0,,,,40,,3,,,1457,,"1457,00 ",1 
00000000993,"1625,2737",,1206   10 uF 25V (чип конденсатор) /2737,шт,Конденсаторы,0,,,,,,,,,,,,,,,,,,,,,0,,0,0 
00000000994,,DS18S20+ TO92-3pins MAX,DS18S20+ MAX (микросхема датчики),шт,Микросхемы,8,1,,,,,,,,1,,1,,,,,,,1,,,5,,5,0 
00000000995,,,Аэрозоль PLASTIC,шт,Прочее,0,,,,,,,,,,,,,,,,,,,,,0,,0,0 
00000000996,,,Пена монтажная ,шт,Прочее,0,,,,,,,,,,,,,,,,,,,,,0,,0,0 
00000000997,,,Фотосумка LowePro,шт,Прочее,0,,,,,,,,,,,,,,,,,,,,,0,,0,0 
00000000998,,,Цветная печать,шт,Прочее,0,,,,,,,,,,,,,,,,,,,,,0,,0,0 
00000001000,,,Отвод политрон,шт,Прочее,0,,,,,,,,,,,,,,,,,,,,,0,,0,0 
00000001001,,,Труба политрон,шт,Прочее,0,,,,,,,,,,,,,,,,,,,,,0,,0,0 
00000001002,,,Воздуховод ВПА,шт,Прочее,0,,,,,,,,,,,,,,,,,,,,,0,,0,0 
00000001003,,,Провод ПЭТВ,шт,Прочее,0,,,,,,,,,,,,,,,,,,,,,0,,0,0 
00000001005,,AD9523-1BCPZ@AD,AD9523BCPZ (микросхема),шт,Микросхемы,30,1,,,,1,,1,,,3,1,2,1,,,23,,,,,0,"640,2","-4,00 ",1 
00000001009,,,Держатель светодиодов LED-330 ,шт,Диоды,236,1,,,,,,,,2,,,2,,,,1,,1,,,230,,230,0 
00000001010,,,2207S-40G розетка прямая двухрядная,шт,Разъемы,0,,,,,,,,,,,,,,,,,,,,,0,,0,0 
00000001011,,,DC-005 2.4mm (разъем питания),шт,Разъемы,79,1,,,,,,,,2,1,1,1,2,1,,1,,1,,,69,,69,0 
00000001013,,,0603   0 Ом 5% (чипрезистор),шт,Резисторы,607,9,,,,8,,2,1,20,100,,0,,,,52,,9,,,426,"0,03","418,00 ",1 
00000001014,,,Материнская плата H61W USB,шт,Компьютерные комплектующие,0,,,,,,,,,,,,,,,,,,,,,0,,0,0 
00000001016,,Panel mini,Panel mini (печатная плата,шт,"Платы (печатные, демо, отладочные)",0,,,,,,,,,,,,,,,,,,,,,0,,0,0 
00000001017,,АМР -100mb,АМР -100mb (печатная плата),шт,"Платы (печатные, демо, отладочные)",0,,,,,,,,,,,,,,,,,,,,,0,,0,0 
00000001019,,,RCA-103P@RUICHI (разъем),шт,Разъемы,46,1,,,,,,,,2,,,1,,,,1,,1,,,41,,41,0 
00000001020,,UEVM4460G-02-01-00,Макетная плата UEVM4460G-02-01-00 ,шт,"Платы (печатные, демо, отладочные)",0,,,,,,,,,,,,,,,,,,,,,0,,0,0 
00000001022,,,Нагреватель AOYUE 853А инфракрасный кварцевый,шт,Прочее,1,,,,,,,,,,,,,,,,,,,,,1,,1,0 
00000001025,,,Контейнер К15 с перегородками,шт,Прочее,0,,,,,,,,,,,,,,,,,,,,,0,,0,0 
00000001028,,,Масло машинное Шелл,шт,Прочее,0,,,,,,,,,,,,,,,,,,,,,0,,0,0 
00000001030,,,Дюбель 6*52,шт,Крепеж,0,,,,,,,,,,,,,,,,,,,,,0,,0,0 
00000001031,,,Дюбель 6*60,шт,Крепеж,0,,,,,,,,,,,,,,,,,,,,,0,,0,0 
00000001033,,,Фурнитура для вытяжки,шт,Прочее,0,,,,,,,,,,,,,,,,,,,,,0,,0,0 
00000001040,,820 nH,1008СS-821XGLB 0.82 uH (катушка индуктивности) ,шт,Катушки индуктивности,1137,2,,,,,,,2,20,,,64,,,,21,,2,,,1030,,"1030,00 ",1 
00000001042,,WizFi630,WiFi модуль,шт,Модули,0,,,,,,,,,,,,,,,,,,,,,0,,0,0 
00000001043,,,Отладочное средство,шт,"Платы (печатные, демо, отладочные)",0,,,,,,,,,,,,,,,,,,,,,0,,0,0 
00000001044,,,Флюс-гель Amtech,шт,Прочее,1,,,,,,,,,,,,,,,,1,,,,,0,,0,0 
00000001045,,,Винт с цилиндрической головкой и внутренним шестигранником,шт,Крепеж,0,,,,,,,,,,,,,,,,,,,,,0,,0,0 
00000001046,,HW-USB-II-G,Плата HW-USB-II-G,шт,"Платы (печатные, демо, отладочные)",0,,,,,,,,,,,,,,,,,,,,,0,,0,0 
00000001047,,,Шина АД31 8*100*600,шт,Прочее,0,,,,,,,,,,,,,,,,,,,,,0,,0,0 
00000001048,,,Провод медный,шт,"Провода,кабеля",0,,,,,,,,,,,,,,,,,,,,,0,,0,0 
00000001052,,,0805    1.2 nF (чип конденсатор),шт,Конденсаторы,0,,,,,,,,,,,,,,,,,,,,,0,,0,0 
00000001053,,,0805    2 nF (чип конденсатор),шт,Конденсаторы,0,,,,,,,,,,,,,,,,,,,,,0,,0,0 
00000001054,,,0805    1.8 nF (чип конденсатор),шт,Конденсаторы,0,,,,,,,,,,,,,,,,,,,,,0,,0,0 
00000001055,,,"0805    2,4 nF (чип конденсатор)",шт,Конденсаторы,0,,,,,,,,,,,,,,,,,,,,,0,,0,0 
00000001056,,,0805    3 nF (чип конденсатор),шт,Конденсаторы,990,,,,,,,,,,,,,,,,,,,,,990,,990,0 
00000001057,2631,,"0805    3,6 nF (чип конденсатор)",шт,Конденсаторы,50,,,,,,,,,,,,,,,,,,,,,50,,50,0 
00000001058,,,"0805    5,6 nF (чип конденсатор)",шт,Конденсаторы,0,,,,,,,,,,,,,,,,,,,,,0,,0,0 
00000001059,,,0805 180 pF (чип конденсатор),шт,Конденсаторы,0,,,,,,,,,,,,,,,,,,,,,0,,0,0 
00000001061,,,Трафарет Trafaret3v5,шт,Расходные материалы,0,,,,,,,,,,,,,,,,,,,,,0,,0,0 
00000001063,,,SN74LVC1G3157DCKR  (микросхема),шт,Микросхемы,0,,,,,,,,,,,,,,,,,,,,,0,,0,0 
00000001064,"1808,2588,3252",,0805-CS0805-68NK -  68 nH (катушка индуктивности),шт,Катушки индуктивности,0,,,,,,,,,,,,,,,,,,,,,0,,0,0 
00000001067,,,Сжим ответвитель,шт,Прочее,0,,,,,,,,,,,,,,,,,,,,,0,,0,0 
00000001071,,,Трансформатор,шт,Прочее,0,,,,,,,,,,,,,,,,,,,,,0,,0,0 
00000001072,,,Винт потайной,шт,Крепеж,0,,,,,,,,,,,,,,,,,,,,,0,,0,0 
00000001073,,,Крепеж,шт,Прочее,0,,,,,,,,,,,,,,,,,,,,,0,,0,0 
00000001074,,,Ключ,шт,Прочее,0,,,,,,,,,,,,,,,,,,,,,0,,0,0 
00000001075,,,Штекер PL,шт,Прочее,0,,,,,,,,,,,,,,,,,,,,,0,,0,0 
00000001076,,,Кабель HDMI,шт,"Провода,кабеля",0,,,,,,,,,,,,,,,,,,,,,0,,0,0 
00000001077,,,Коробка,шт,Прочее,0,,,,,,,,,,,,,,,,,,,,,0,,0,0 
00000001079,,,Макетная плата,шт,"Платы (печатные, демо, отладочные)",2,,,,,,,,,,,,,,,,,,,,,2,,2,0 
00000001080,,,Радиатор алюминиевый,шт,Радиаторы,0,,,,,,,,,,,,,,,,,,,,,0,,0,0 
00000001081,,wizfi630,Wizfi630 (печатная плата),шт,"Платы (печатные, демо, отладочные)",0,,,,,,,,,,,,,,,,,,,,,0,,0,0 
00000001082,,,Жало паяльное 102PDLF08L,шт,Прочее,0,,,,,,,,,,,,,,,,,,,,,0,,0,0 
00000001083,,,Жало паяльное 102PDLF04L,шт,Прочее,0,,,,,,,,,,,,,,,,,,,,,0,,0,0 
00000001084,,,Жало паяльное 102SDLF08L ,шт,Прочее,0,,,,,,,,,,,,,,,,,,,,,0,,0,0 
00000001085,,,HFD 4/4.5 S (реле),шт,Реле,1,,,,,,,,,,,,,,,,,,,,,1,,1,0 
00000001086,,3GF576-A100N-160.000,160 MHz ASO73 (Генератор кварцевый),шт,"Генераторы, резонаторы (кварцевые)",52,,,,,,,,,,1,,,,,,,,,,,51,,51,0 
00000001087,,,"Метчик 2,5",шт,Прочее,0,,,,,,,,,,,,,,,,,,,,,0,,0,0 
00000001088,,,"0805    3,3 nF (чип конденсатор)",шт,Конденсаторы,0,,,,,,,,,,,,,,,,,,,,,0,,0,0 
00000001091,,,ZXCT1081E5TA (микросхема),шт,Микросхемы,0,,,,,1,,,,,,,,,,,,,,,,0,,0,0 
00000001092,,,Фиксатор паяльного жала,шт,Прочее,0,,,,,,,,,,,,,,,,,,,,,0,,0,0 
00000001093,,,2512 620 Ом (чип резистор),шт,Резисторы,507,2,,,,2,,,,,20,,18,,,,,,2,,,467,,467,0 
00000001094,,,67910-0002 (разъем),шт,Разъемы,0,,,,,,,,,,,,,,,,,,,,,0,,0,0 
00000001095,,,0603    2 nF (чип конденсатор),шт,Конденсаторы,2960,,,,,,,,,,,,80,,,,,,,,,2880,,2880,0 
00000001096,,,"0603    1,2 nF (чип конденсатор)",шт,Конденсаторы,2800,,,,,,,,,,,,,,,,,,,,,2800,,2800,0 
00000001097,,,0603 453 кОм 1% (чипрезистор),шт,Резисторы,3364,1,,,2,1,,,,,,,255,,2,,,,61,,,3046,,3046,0 
00000001098,,,0603  180 pF (чип конденсатор),шт,Конденсаторы,4000,,,,,,,,,,,,,,,,,,,,,4000,,4000,0 
00000001099,,,"0603    5,6 nF (чип конденсатор)",шт,Конденсаторы,3098,1,,,1,,,,,,,,538,,,,,,1,,,2559,,2559,0 
00000001100,,,0603    1.8 nF (чип конденсатор),шт,Конденсаторы,2740,1,,,,3,,1,2,,,,0,20,,,61,,1,,,2658,"0,16","2654,00 ",1 
00000001101,,,MHD-6 заглушка отверстия,шт,Прочее,0,,,,,,,,,,,,,,,,,,,,,0,,0,0 
00000001104,,,RD07MVS1 MIT (микросхема),шт,Микросхемы,1,,,,,,,,,,,,,,,,,,,,,1,,1,0 
00000001105,,,XC6SLX16-3CSG225C (микросхема),шт,Микросхемы,2,,,,,,,,,,,,,,,,,,,,,2,,2,0 
00000001107,,,"Резистор 0,1 Ом 5%",шт,Резисторы,0,,,,,,,,,,,,,,,,,,,,,0,,0,0 
00000001108,,,Скатерть,шт,Прочее,0,,,,,,,,,,,,,,,,,,,,,0,,0,0 
00000001109,,,Удлинитель,шт,Прочее,0,,,,,,,,,,,,,,,,,,,,,0,,0,0 
00000001111,,,0805-LQW2BNH - 470 nH (катушка индуктивности),шт,Катушки индуктивности,114,1,,,,,,,,,,,20,,,,,,1,,,93,,93,0 
00000001112,,,Сертификат ГОСТ Р на партию,шт,Прочее,0,,,,,,,,,,,,,,,,,,,,,0,,0,0 
00000001113,,,"Набор ключей шестигр. 1,5-10мм",шт,Прочее,0,,,,,,,,,,,,,,,,,,,,,0,,0,0 
00000001118,,,Ножовка,шт,Прочее,0,,,,,,,,,,,,,,,,,,,,,0,,0,0 
00000001120,,,Лампа галогенная Feron JCDR,шт,Прочее,0,,,,,,,,,,,,,,,,,,,,,0,,0,0 
00000001121,,,Проволока подвязочная,шт,Прочее,0,,,,,,,,,,,,,,,,,,,,,0,,0,0 
00000001122,,,0805-LQW2BNH - 180 nH (катушка индуктивности),шт,Катушки индуктивности,17,3,,,,,,,,,6,,,,2,,,,3,,,6,,6,0 
00000001126,,,PL-239 (разъем),шт,Разъемы,3,,,,,,,,,,,,,,,,,,,,,3,,3,0 
00000001129,,,Кулер для корпуса,шт,Компьютерные комплектующие,0,,,,,,,,,,,,,,,,,,,,,0,,0,0 
00000001130,,,Корпус Linkworld LC-920,шт,Компьютерные комплектующие,0,,,,,,,,,,,,,,,,,,,,,0,,0,0 
00000001131,,,Жесткий диск   60 Гб,шт,Компьютерные комплектующие,0,,,,,,,,,,,,,,,,,,,,,0,,0,0 
00000001132,,,160 MHz ASVO73 (Генератор кварцевый),шт,"Генераторы, резонаторы (кварцевые)",9,,,,,,,1,,1,3,,,2,,,3,,,,,0,85,"-4,00 ",1 
00000001133,,,Штангенциркуль 200-196,шт,Прочее,0,,,,,,,,,,,,,,,,,,,,,0,,0,0 
00000001134,,,BNC T (разъем) ,шт,Разъемы,6,,,,,,,,,,,,,,,,,,,,,6,,6,0 
00000001135,,,BNC TJJJ (разъем) ,шт,Разъемы,44,,,,,,,,,,,,,,,,,,,,,44,,44,0 
00000001136,,,TNC-JR (разъем),шт,Разъемы,0,,,,,,,,,,,,,,,,,,,,,0,,0,0 
00000001137,,,TNC-RJ (разъем),шт,Разъемы,15,,,,,,,,,,,,,,,,,,,,,15,,15,0 
00000001139,,RD100HHF1-101,RD100HHF1 (транзисторы),шт,Тразисторы,10,,,,,,,,,,,,8,,,,,,,,,2,,2,0 
00000001144,,,DHR-15F-5 (разъем),шт,Разъемы,9,1,,,,,,,,2,,,2,,,,1,,1,,,3,,3,0 
00000001145,,,Видеокарта PCI-E Asus,шт,Компьютерные комплектующие,0,,,,,,,,,,,,,,,,,,,,,0,,0,0 
00000001150,,,RJ-45 (разъем),шт,Разъемы,0,,,,,,,,,,,,,,,,,,,,,0,,0,0 
00000001151,,,Колпачек для патч-корда,шт,Прочее,0,,,,,,,,,,,,,,,,,,,,,0,,0,0 
00000001152,,,ST-BNC-PV под винт (разъем),шт,Разъемы,0,,,,,,,,,,,,,,,,,,,,,0,,0,0 
00000001153,,,Тонер HP LJ,шт,Расходные материалы,0,,,,,,,,,,,,,,,,,,,,,0,,0,0 
00000001154,,,Шлейф RC/FRC-20,шт,Прочее,0,,,,,,,,,,,,,,,,,,,,,0,,0,0 
00000001157,,,1-1462037-4 Axicom реле,шт,Реле,0,,,,,,,,,,,,,,,,,,,,,0,,0,0 
00000001158,,,Материнская плата Asus LGA1155 P8Z77-V PRO,шт,Компьютерные комплектующие,0,,,,,,,,,,,,,,,,,,,,,0,,0,0 
00000001159,,,Процессор Intel Core i7-3770 3.4GHz,шт,Компьютерные комплектующие,0,,,,,,,,,,,,,,,,,,,,,0,,0,0 
00000001162,,KIT MP290VG MACK_КИТ,Демо плата KIT MP290VG MACK_КИТ,шт,"Платы (печатные, демо, отладочные)",0,,,,,,,,,,,,,,,,,,,,,0,,0,0 
00000001168,,,Вырубной штамп,шт,Прочее,0,,,,,,,,,,,,,,,,,,,,,0,,0,0 
00000001174,,,CDRH2D18/HPNP-2R2NC (катушка индуктивности),шт,Катушки индуктивности,0,,,,,,,,,,,,,,,,,,,,,0,,0,0 
00000001175,,82-97-RFX,UHF-BJ (разъем),шт,Разъемы,16,,,,,,,,,,,,4,,,,,,,,,12,,12,0 
00000001176,,,UHF-U213P (разъем),шт,Разъемы,0,,,,,,,,,,,,,,,,,,,,,0,,0,0 
00000001177,,,Уплотнитель белый,шт,Прочее,0,,,,,,,,,,,,,,,,,,,,,0,,0,0 
00000001178,,,Гайка,шт,Крепеж,0,,,,,,,,,,,,,,,,,,,,,0,,0,0 
00000001179,,,Саморез,шт,Прочее,0,,,,,,,,,,,,,,,,,,,,,0,,0,0 
00000001181,,,Память DDR3 1600 MHz Kingstone,шт,Компьютерные комплектующие,0,,,,,,,,,,,,,,,,,,,,,0,,0,0 
00000001182,,,Гровер,шт,Расходные материалы,0,,,,,,,,,,,,,,,,,,,,,0,,0,0 
00000001183,,,Кулер DEEPCOOL Theta 9 PWM,шт,Компьютерные комплектующие,0,,,,,,,,,,,,,,,,,,,,,0,,0,0 
00000001184,,,Кулер Zalman Perfoma,шт,Компьютерные комплектующие,0,,,,,,,,,,,,,,,,,,,,,0,,0,0 
00000001185,,,Кабель Патч-корд UTP 5е 2m,шт,"Провода,кабеля",18,1,,,,,,1,,2,2,,4,1,4,,1,4,1,,,-1,,"-5,00 ",1 
00000001196,,,Паста SMT9603005-38,шт,Расходные материалы,0,,,,,,,,,,,,,,,,,,,,,0,,0,0 
00000001197,,,Светодиод L-7104CGCK,шт,Диоды,0,,,,,,,,,,,,,,,,,,,,,0,,0,0 
00000001200,,AES-Z7EV-7Z020-G,Отладочная плата AES-Z7EV-7Z020-G,шт,"Платы (печатные, демо, отладочные)",0,,,,,,,,,,,,,,,,,,,,,0,,0,0 
00000001201,,,Светодиод L-132YT-2000,шт,Диоды,0,,,,,,,,,,,,,,,,,,,,,0,,0,0 
00000001203,,,Жесткий диск SSD 120Gb 2.5'' ,шт,Компьютерные комплектующие,0,,,,,,,,,,,,,,,,,,,,,0,,0,0 
00000001206,,,Резиновые контенты,шт,Прочее,221,,,,,,,,,,,,,,,,,,,,,221,,221,0 
00000001207,,,1210  22 uf (чип конденсатор),шт,Конденсаторы,492,,,,3,,,,,,,,393,,,,,,,,,99,,99,0 
00000001208,,,LTС2261CUJ-14 (микросхема),шт,Микросхемы,10,,,,,,,,,,,,,,,,,,,,,10,,10,0 
00000001213,,,Оплетка для удаления припоя,шт,Прочее,0,,,,,,,,,,,,,,,,,,,,,0,,0,0 
00000001215,,,Память DDR2 800 MHz Kingstone,шт,Компьютерные комплектующие,0,,,,,,,,,,,,,,,,,,,,,0,,0,0 
00000001216,,,Ключ рожковый,шт,Прочее,0,,,,,,,,,,,,,,,,,,,,,0,,0,0 
00000001217,,,Хлорное железо,шт,Прочее,0,,,,,,,,,,,,,,,,,,,,,0,,0,0 
00000001218,,,Процессор Intel Core G860 3/0/3M S1155,шт,Компьютерные комплектующие,0,,,,,,,,,,,,,,,,,,,,,0,,0,0 
00000001219,,,LM7001 (микросхема),шт,Микросхемы,0,,,,,,,,,,,,,,,,,,,,,0,,0,0 
00000001220,,,BLS-2 (микросхема),шт,Микросхемы,0,,,,,,,,,,,,,,,,,,,,,0,,0,0 
00000001225,,,Контролер 2х COM Port,шт,Компьютерные комплектующие,0,,,,,,,,,,,,,,,,,,,,,0,,0,0 
00000001226,,,Дисплей WH1602D-YGH-CTK WINSTAR,шт,Дисплеи,0,,,,,,,,,,,,,,,,,,,,,0,,0,0 
00000001229,,,KSZ8031NLI (микросхема),шт,Микросхемы,95,,,,,,,,,1,,,84,1,,,,,,,,9,,9,0 
00000001231,,,ADЕ- 1+ (микросхема),шт,Микросхемы,14,,,,,,,,,,,,,,,,,,,,,14,,14,0 
00000001232,,,Lir18650 (первичная батарея),шт,Батарейки,0,,,,,,,,,,,,,,,,,,,,,0,,0,0 
00000001233,,,ML8088s (навигационный приемник),шт,Микросхемы,2,,,,,,,,,,,,,,,,,,,,,2,,2,0 
00000001234,,,NRF24L01P-R (микросхема),шт,Микросхемы,14,,,,,,,,,,,,,,,,,,,,,14,,14,0 
00000001235,,,TPS79925DDCT TI (микросхема),шт,Микросхемы,0,,,,,,,,,,,,,,,,,,,,,0,,0,0 
00000001237,,,Дисплей WH2002D-NGG-CT WINSTAR,шт,Дисплеи,0,,,,,,,,,,,,,,,,,,,,,0,,0,0 
00000001238,,,NCP4625DSN12T1G (микросхема),шт,Микросхемы,20,,,,,,,,,,,,,,,,,,,,,20,,20,0 
00000001241,,,LQW18ANR39G - 390 nH (катушка индуктивности),шт,Катушки индуктивности,50,1,,,,,,,,,,,,,,,,,1,,,49,,49,0 
00000001242,,,MT48LC16M16A2BG-75 IT (микросхема),шт,Микросхемы,6,,,,,,,,,,,,,,,,,,,,,6,,6,0 
00000001243,,,TLV320AIC10IPFB (микросхема),шт,Микросхемы,0,,,,,,,,,,,,,,,,,,,,,0,,0,0 
00000001244,,,ATmega 16a-A-AU (микросхема),шт,Микросхемы,17,,,,,,,,,,,,,,,,,,,,,17,,17,0 
00000001245,,,LDS3985M18R (микросхема),шт,Микросхемы,0,,,,,,,,,,,,,,,,,,,,,0,,0,0 
00000001246,,,TPS54240DGQ (микросхема),шт,Микросхемы,8,,,,,,,,,,,,,,,,,,,,,8,,8,0 
00000001247,,,25 MHz KX-7 (Резонатор кварцевый),шт,"Генераторы, резонаторы (кварцевые)",0,,,,,,,,,,,,,,,,,,,,,0,,0,0 
00000001248,,,Шило,шт,Прочее,0,,,,,,,,,,,,,,,,,,,,,0,,0,0 
00000001249,,,Ограничитель напряжения ,шт,Прочее,0,,,,,,,,,,,,,,,,,,,,,0,,0,0 
00000001252,,osc_call_3*11,Osc_call_3*11 (печатная плата),шт,"Платы (печатные, демо, отладочные)",0,,,,,,,,,,,,,,,,,,,,,0,,0,0 
00000001260,,,Воздухозаборник воздушного фильтра,шт,Прочее,0,,,,,,,,,,,,,,,,,,,,,0,,0,0 
00000001263,,,MAX9850ETI+ (микросхема),шт,Микросхемы,1,,,,,,,,,,,,,,,,,,,,,1,,1,0 
00000001264,,,Pc205241 rcvr (печатная плата),шт,"Платы (печатные, демо, отладочные)",,,,,,,,,,,,,,,,,,,,,,0,,0,0 
00000001268,,,HRP-450-12 (источник питания),шт,Источники питания,0,,,,,,,,,,,,,,,,,,,,,0,,0,0 
00000001269,,,ABD800 ALUBOS DECKEL (крышка),шт,Корпуса,0,,,,,,,,,,,,,,,,,,,,,0,,0,0 
00000001270,,,12 MHz KX-9A  (Резонатор кварцевый),шт,"Генераторы, резонаторы (кварцевые)",16,1,,,,,,,,,,,4,,,,1,,1,,,10,,10,0 
00000001272,,,MFU0805FF01000P100 (предохранитель),шт,"Предохранители, ПАФ-фильтры",0,,,,,,,,,,,,,,,,,,,,,0,,0,0 
00000001273,,,SMAJ6.0A-TR TS (полупроводниковый диод),шт,Диоды,0,,,,,,,,,,,,,,,,,,,,,0,,0,0 
00000001274,,,M74HC595RM13TR ST (микросхема),шт,Микросхемы,0,,,,,,,,,,,,,,,,,,,,,0,,0,0 
00000001275,,,Сенсорная панель 4W-0702S-2 ONETOUCH,шт,Дисплеи,1,,,,,,,,,,,,,,,,,,,,,1,,1,0 
00000001276,,KIT MP2907HD MACK_КИТ,Демо плата KIT MP2907HD MACK_КИТ ,шт,"Платы (печатные, демо, отладочные)",0,,,,,,,,,,,,,,,,,,,,,0,,0,0 
00000001277,,,1206 270 pF (чип конденсатор),шт,Конденсаторы,243,,,,,,,,,,,,,,,,,,,,,243,,243,0 
00000001278,,1206B821K500NT,1206 820 pF (чип конденсатор) /+EE,шт,Конденсаторы,272,,,,,,,,,,,,,,,,,,,,,272,,272,0 
00000001280,,,"1206    1,2 nF (чип конденсатор)",шт,Конденсаторы,289,,,,,,,,,,,,,,,,,,,,,289,,289,0 
00000001281,,,0603 240 Ом 5% (чипрезистор),шт,Резисторы,3400,1,,,,,,,,,,,150,,,,,,1,,,3249,,3249,0 
00000001282,,,0603 300 Ом 5% (чипрезистор),шт,Резисторы,3125,,,,1,,,,,,,,128,,,,,,,,,2997,,2997,0 
00000001283,944,,0603   1 кОм 5% (чипрезистор) ,шт,Резисторы,0,,,,,,,,,,,,,,,,,,,,,0,,0,0 
00000001284,,,2512   1 кОм (чип резистор),шт,Резисторы,432,4,,,1,3,,1,,10,3,3,126,56,,,10,,4,,,220,"1,9","216,00 ",1 
00000001285,,,1206 120 pF (чип конденсатор),шт,Конденсаторы,380,2,,,,,,,,,,,,,,,,,2,,,378,,378,0 
00000001286,,1206CG680J500NT,1206   68 pF (чип конденсатор) /+EE,шт,Конденсаторы,992,,,,,2,,,,,,,15,,,,,,,,,977,,977,0 
00000001287,,1206CG820J500NT,1206   82 pF (чип конденсатор) /+EE,шт,Конденсаторы,617,2,,,,2,1,,,,,,,20,,,,,2,,,595,,595,0 
00000001288,,,1206 150 pF (чип конденсатор),шт,Конденсаторы,514,2,,,,6,,,,,,,,,,,,,2,,,512,,512,0 
00000001289,,1206B102K500NT,1206    1 nF (чип конденсатор) /+EE,шт,Конденсаторы,350,2,,,,1,,,,,,,60,,,,,,2,,,288,,288,0 
00000001290,,,1206 180 pF (чип конденсатор) /+EE,шт,Конденсаторы,997,,,,,,,,,,,,2,,,,,,,,,995,,995,0 
00000001292,,,Ацетон,шт,Расходные материалы,0,,,,,,,,,,,,,,,,,,,,,0,,0,0 
00000001295,,,Спирт изопропиловый,шт,Расходные материалы,0,,,,,,,,,,,,,,,,,,,,,0,,0,0 
00000001296,,,SS2 (печатная плата),шт,"Платы (печатные, демо, отладочные)",0,,,,,,,,,,,,,,,,,,,,,0,,0,0 
00000001297,,,Крепление для строительных лесов,шт,Прочее,0,,,,,,,,,,,,,,,,,,,,,0,,0,0 
00000001301,,,CDEP105NP-5R7MC-88 (катушка индуктивности),шт,Катушки индуктивности,0,,,,,,,,,,,,,,,,,,,,,0,,0,0 
00000001302,,CE035M0330REG-1010,Тант. чип конденсатор  330uF 35V ,шт,Конденсаторы,355,3,,,,,,,,6,4,2,,7,,,3,,3,,,330,,330,0 
00000001306,,,LTC2209CUP#PBF АЦП,шт,Микросхемы,11,,,,,1,,,,,2,,2,3,,,1,2,,,,1,,1,0 
00000001307,,,UFL-R-SMT-1(10) разъем для печатной платы,шт,Образцы,0,,,,,,,,,,,,,,,,,,,,,0,,0,0 
00000001308,,,0154007 DR плавкий предохранитель,шт,Образцы,,,,,,,,,,,,,,,,,,,,,,0,,0,0 
00000001309,,,0154003 DR плавкий предохранитель,шт,Образцы,0,,,,,,,,,,,,,,,,,,,,,0,,0,0 
00000001310,,,Кабельная сборка 0731160045 ,шт,"Провода,кабеля",10,,,,,,,,,,,,,,,,,,,,,10,,10,0 
00000001311,,,PCB Spec.6-L T-1 печатная плата,шт,Образцы,0,,,,,,,,,,,,,,,,,,,,,0,,0,0 
00000001312,,,164-01SL катушка индуктивности,шт,Образцы,9,,,,,,,,,,,,,,,,,,,,,9,,9,0 
00000001313,,,164-02SL катушка индуктивности,шт,Образцы,10,,,,,,,,,,,,,,,,,,,,,10,,10,0 
00000001314,,,MiniUHF разъем для печатной платы,шт,Образцы,0,,,,,,,,,,,,,,,,,,,,,0,,0,0 
00000001315,,,KL-07LS световод,шт,Образцы,8,,,,,,,,,,,,,,,,,,,,,8,,8,0 
00000001316,3798,,TSS31-EG-BK-160-T20 тактовая кнопка,шт,Образцы,63,,,,,2,,2,,,,,,,2,,42,,,,,19,1,"11,00 ",1 
00000001317,,,NTC324-BB1G-A360 тактовая кнопка,шт,Образцы,0,,,,,,,,,,,,,,,,,,,,,0,,0,0 
00000001318,,,NTC324-BB1G-A260T тактовая кнопка,шт,Образцы,0,,,,,,,,,,,,,,,,,,,,,0,,0,0 
00000001319,,,WPM 2 PLBY-R759GB кнопка,шт,Образцы,0,,,,,,,,,,,,,,,,,,,,,0,,0,0 
00000001320,,,Сетевая карта D-Link DUB-E100,шт,Компьютерные комплектующие,0,,,,,,,,,,,,,,,,,,,,,0,,0,0 
00000001322,,,Радио-детектор Sho-Me STR-525,шт,Прочее,0,,,,,,,,,,,,,,,,,,,,,0,,0,0 
00000001326,,,Телескопическая мачта,шт,Прочее,0,,,,,,,,,,,,,,,,,,,,,0,,0,0 
00000001327,,,Трансвертер,шт,Прочее,0,,,,,,,,,,,,,,,,,,,,,0,,0,0 
00000001328,,,PE4306-51 (микросхема),шт,Микросхемы,0,,,,,,,,,,,,,,,,,,,,,0,,0,0 
00000001330,,,Процессор Intel Core i3-2120 3.3 GHz,шт,Компьютерные комплектующие,0,,,,,,,,,,,,,,,,,,,,,0,,0,0 
00000001332,,,AD9744ACPZ (микросхема),шт,Микросхемы,2,,,,,,,,,,,,,,,,,,,,,2,,2,0 
00000001333,,KIT STM32F4DISCOVERY ST,Демо плата KIT STM32F4DISCOVERY ST,шт,"Платы (печатные, демо, отладочные)",0,,,,,,,,,,,,,,,,,,,,,0,,0,0 
00000001334,,,Металлическая стружка в мотке ,шт,Прочее,0,,,,,,,,,,,,,,,,,,,,,0,,0,0 
00000001335,,"LPC4357JET256,551",LPC4357 (микросхема),шт,Микросхемы,1,,,,,,,,,,,,,,,,,,,,,1,,1,0 
00000001336,,,DC CABLE L (кабель питания с угловым штекером),м,"Провода,кабеля",0,,,,,,,,,,,,,,,,,,,,,0,,0,0 
00000001337,,,Дисплей ST018A6C-F10,шт,Дисплеи,0,,,,,,,,,,,,,,,,,,,,,0,,0,0 
00000001338,,1338,Разъем EE-Dsub-15M,шт,Разъемы,10,,,,,,,,,,,1,,3,,,,,1,,,5,,5,0 
00000001342,,RC0603FR-0730R,0603  30 Ом 1% (чипрезистор),шт,Резисторы,790,1,,,,,,,,40,600,,20,,,,,,1,,,129,,129,0 
00000001343,,,STLM75DS2F (микросхема),шт,Микросхемы,54,,,,,,,,,,,,,,,,,,,,,54,,54,0 
00000001344,,WEG010016CGPP5N00000,ЖК матрицы WEG010016CGPP5N00000 WINSTAR ,шт,"Платы (печатные, демо, отладочные)",0,,,,,,,,,,,,,,,,,,,,,0,,0,0 
00000001345,,MJUW0808FF06P-R2H-H,MJUW0808FF06P-R2H-H (RJ-45 разъем),шт,Разъемы,33,,,,,2,,1,,,2,,,2,,,22,,,,,7,"15,29","3,00 ",1 
00000001350,,,Сенсорная панель 9545А AMT,шт,Дисплеи,0,,,,,,,,,,,,,,,,,,,,,0,,0,0 
00000001351,,,H1102NLT PUL (катушка индуктивности),шт,Катушки индуктивности,36,,,,,1,,1,,,4,,,2,,,21,,,,,9,"30,5","5,00 ",1 
00000001352,,,LPC4088FET180 (микросхема),шт,Микросхемы,0,,,,,,,,,,,,,,,,,,,,,0,,0,0 
00000001353,,,Жесткий диск SSD  60 Gb,шт,Компьютерные комплектующие,0,,,,,,,,,,,,,,,,,,,,,0,,0,0 
00000001354,,,Материнская плата GA-B75TN,шт,Компьютерные комплектующие,0,,,,,,,,,,,,,,,,,,,,,0,,0,0 
00000001358,,,16 MHz NT3225SA (Генератор кварцевый),шт,"Генераторы, резонаторы (кварцевые)",117,,,,,,,,,100,,,,,,,,,,,,17,,17,0 
00000001359,,,CP2101-GMR (микросхема),шт,Микросхемы,0,,,,,,,,,,,,,,,,,,,,,0,,0,0 
00000001360,,,EP3С16F256C8N (микросхема),шт,Микросхемы,3,,,,,,,,,,,,,,,,,,,,,3,,3,0 
00000001361,,,WB-1404 (модельная плита),шт,Прочее,0,,,,,,,,,,,,,,,,,,,,,0,,0,0 
00000001362,,,LAN9500AI-ABZJ (микросхема),шт,Микросхемы,1,,,,,,,,,,,,,,,,,,,,,1,,1,0 
00000001363,,,LP2985AIM5-1.8 NORB TI(микросхема),шт,Микросхемы,22,,,,,,,,,,,,,,,,,,,,,22,,22,0 
00000001364,,,LP2985AIM5-2.5 NORB TI(микросхема),шт,Микросхемы,0,,,,,,,,,,,,,,,,,,,,,0,,0,0 
00000001365,,,LP2985AIM5-3.3 NORB TI(микросхема),шт,Микросхемы,0,,,,,,,,,,,,,,,,,,,,,0,,0,0 
00000001368,,,Корпус 3Cott,шт,Компьютерные комплектующие,0,,,,,,,,,,,,,,,,,,,,,0,,0,0 
00000001371,,,Магнит,шт,Прочее,0,,,,,,,,,,,,,,,,,,,,,0,,0,0 
00000001373,,,Зуковая карта Creative (внешняя),шт,Компьютерные комплектующие,0,,,,,,,,,,,,,,,,,,,,,0,,0,0 
00000001376,,,Материнская плата Gigabyte LGA1155,шт,Компьютерные комплектующие,0,,,,,,,,,,,,,,,,,,,,,0,,0,0 
00000001377,,,Процессор Intel Core i5-3330 3.0GHz,шт,Компьютерные комплектующие,0,,,,,,,,,,,,,,,,,,,,,0,,0,0 
00000001378,,,Жесткий диск SATA-3,шт,Компьютерные комплектующие,0,,,,,,,,,,,,,,,,,,,,,0,,0,0 
00000001380,,,Блок электрических розеток,шт,Прочее,0,,,,,,,,,,,,,,,,,,,,,0,,0,0 
00000001381,,,Ножки для настен. шкафов,шт,Прочее,0,,,,,,,,,,,,,,,,,,,,,0,,0,0 
00000001382,,,Маршрутизатор ТР-LINK,шт,Компьютерные комплектующие,0,,,,,,,,,,,,,,,,,,,,,0,,0,0 
00000001384,,Col_Front_End,Col_Front_End (печатная плата),шт,"Платы (печатные, демо, отладочные)",0,,,,,,,,,,,,,,,,,,,,,0,,0,0 
00000001385,,,SGA-4386Z (микросхема),шт,Микросхемы,67,,,,,,,,,,,,,,,,,,,,,67,,67,0 
00000001386,,,V23079D1003B301 (реле),шт,Реле,0,,,,,,,,,,,,,,,,,,,,,0,,0,0 
00000001387,,CD54NP-100MC,CD54NP-100MC (катушка индуктивности),шт,Катушки индуктивности,95,,,,,,,,,,,1,2,,4,,1,,,,,87,,87,0 
00000001388,,,ST3232EBTR (микросхема),шт,Микросхемы,35,,,,,,,,,,,,,,,,,,,,,35,,35,0 
00000001389,,,db15,шт,Конденсаторы,0,,,,,,,,,,,,,,,,,,,,,0,,0,0 
00000001390,,,Опоры для корпус RAL 70164,шт,Прочее,0,,,,,,,,,,,,,,,,,,,,,0,,0,0 
00000001394,,,EP4СE22F17C6N (микросхема),шт,Микросхемы,10,,,,,,,,,,2,,,2,,,1,,,,,5,,5,0 
00000001395,,,EP3С25F256C8N (микросхема),шт,Микросхемы,1,,,,,,,,,,,,,,,,,,,,,1,,1,0 
00000001396,,,AR1100-I/MQ (микросхема),шт,Микросхемы,4,,,,,,,,,,,,,,,,,,,,,4,,4,0 
00000001398,,,12 MHz KX-7A (Резонатор кварцевый),шт,"Генераторы, резонаторы (кварцевые)",24,,,,,1,1,,,2,,,,1,,,,,,,,21,,21,0 
00000001402,,,Бандаж кабельный,шт,Расходные материалы,0,,,,,,,,,,,,,,,,,,,,,0,,0,0 
00000001404,,,STM32F407VET6/ST (микросхема),шт,Микросхемы,130,,,,1,,,,,1,,,127,,,,,1,,,,1,,1,0 
00000001406,,,BNC C174P (разъем),шт,Разъемы,98,,,,,,,,,,,,,,,,,,,,,98,,98,0 
00000001408,,,PLLD (штыревые соединители),шт,Разъемы,5,,,,,,,,,,,,,,,,,,,,,5,,5,0 
00000001410,,Jack_USB_PCB,Jack_USB_PCB (печатная плата),шт,"Платы (печатные, демо, отладочные)",0,,,,,,,,,,,,,,,,,,,,,0,,0,0 
00000001411,,MB1_Panel,MB1_Panel (печатная плата),шт,"Платы (печатные, демо, отладочные)",0,,,,,,,,,,,,,,,,,,,,,0,,0,0 
00000001412,,,SPK-GT2R-75TP1 (газоразрядник),шт,"Предохранители, ПАФ-фильтры",76,,,,,,,1,,,,,,22,,,,,,,,54,"19,54","50,00 ",1 
00000001416,,,Набор шлифшкурки,пог.м,Расходные материалы,0,,,,,,,,,,,,,,,,,,,,,0,,0,0 
00000001417,,,1-84953-0 (разъем),шт,Разъемы,5,,,,,,,,,,,,,,,,,,,,,5,,5,0 
00000001418,,,84953-4 (разъем),шт,Разъемы,7,,,,,,,,,,,,,,,,,,,,,7,,7,0 
00000001419,,,RD12MVS1 (транзисторы),шт,Тразисторы,5,,,,,,,,,,,,,,,,,,,,,5,,5,0 
00000001420,,,MCP6002-I/S (микросхема),шт,Микросхемы,5,,,,,1,1,,,2,,1,,1,,,,,,,,1,,1,0 
00000001421,,,"0603    7,5 pF (чип конденсатор)",шт,Конденсаторы,3480,,,,,,,,,,,,,,,,,,,,,3480,,3480,0 
